From,To
P68805,sao:SAOUHSC_1342a
Q2G2H5,sao:SAOUHSC_00001
Q2G2H4,sao:SAOUHSC_00002
Q2G276,sao:SAOUHSC_00003
Q2G275,sao:SAOUHSC_00004
Q2G274,sao:SAOUHSC_00005
Q2G2Q0,sao:SAOUHSC_00006
Q2G2P8,sao:SAOUHSC_00007
Q2G2P7,sao:SAOUHSC_00008
P95689,sao:SAOUHSC_00009
Q2G2P6,sao:SAOUHSC_00010
Q2G2T5,sao:SAOUHSC_00012
Q2G2T4,sao:SAOUHSC_00013
Q2G2T2,sao:SAOUHSC_00014
Q2G2T6,sao:SAOUHSC_00015
Q2G2T3,sao:SAOUHSC_00017
Q2G1S4,sao:SAOUHSC_00018
Q2G1S3,sao:SAOUHSC_00019
Q2G2U6,sao:SAOUHSC_00020
Q2G2U4,sao:SAOUHSC_00021
Q2G2U3,sao:SAOUHSC_00022
Q2G2U2,sao:SAOUHSC_00023
Q2G2U5,sao:SAOUHSC_00024
Q2G253,sao:SAOUHSC_00025
Q2G249,sao:SAOUHSC_00026
Q2G252,sao:SAOUHSC_00027
Q2G251,sao:SAOUHSC_00028
Q2G250,sao:SAOUHSC_00029
Q2G2E9,sao:SAOUHSC_00030
Q2G2E8,sao:SAOUHSC_00031
Q2G2E6,sao:SAOUHSC_00032
Q2G2E7,sao:SAOUHSC_00033
Q2G1R8,sao:SAOUHSC_00034
Q2G1R7,sao:SAOUHSC_00035
Q2G1R6,sao:SAOUHSC_00036
Q2G1R5,sao:SAOUHSC_00037
Q2G1R4,sao:SAOUHSC_00038
Q2G1R3,sao:SAOUHSC_00039
Q2G1R2,sao:SAOUHSC_00040
Q2G1R1,sao:SAOUHSC_00041
Q2G1R0,sao:SAOUHSC_00042
Q2G1Q9,sao:SAOUHSC_00043
Q2G1Q8,sao:SAOUHSC_00044
Q2G1Q7,sao:SAOUHSC_00045
Q2G1Q6,sao:SAOUHSC_00046
Q2G1Q5,sao:SAOUHSC_00047
Q2G1Q4,sao:SAOUHSC_00049
Q2G1Q3,sao:SAOUHSC_00050
Q2G1Q2,sao:SAOUHSC_00051
Q2G1Q1,sao:SAOUHSC_00052
Q2G1Q0,sao:SAOUHSC_00053
Q2G1P9,sao:SAOUHSC_00054
Q2G1P8,sao:SAOUHSC_00055
Q2G1P7,sao:SAOUHSC_00056
Q2G1P6,sao:SAOUHSC_00057
Q2G1P5,sao:SAOUHSC_00058
Q2G1P4,sao:SAOUHSC_00060
Q2G1P3,sao:SAOUHSC_00061
Q2G1P2,sao:SAOUHSC_00062
Q2G1P1,sao:SAOUHSC_00064
Q2G1P0,sao:SAOUHSC_00065
Q2G1N9,sao:SAOUHSC_00067
P02976,sao:SAOUHSC_00069
Q2G1N7,sao:SAOUHSC_00070
Q2G1N6,sao:SAOUHSC_00071
Q2G1N5,sao:SAOUHSC_00072
Q2G1N4,sao:SAOUHSC_00074
Q2G1N3,sao:SAOUHSC_00075
Q2G1N2,sao:SAOUHSC_00076
Q2G1N1,sao:SAOUHSC_00077
Q2G1N0,sao:SAOUHSC_00078
Q2G1M9,sao:SAOUHSC_00079
Q2G1M8,sao:SAOUHSC_00080
Q2G1M7,sao:SAOUHSC_00081
Q2G1M6,sao:SAOUHSC_00082
Q2G1M5,sao:SAOUHSC_00083
Q2G1M3,sao:SAOUHSC_00084
Q2G1M2,sao:SAOUHSC_00085
Q2G1M1,sao:SAOUHSC_00086
Q2G1M0,sao:SAOUHSC_00087
Q2G289,sao:SAOUHSC_00088
Q2G287,sao:SAOUHSC_00089
Q2G290,sao:SAOUHSC_00090
Q2G288,sao:SAOUHSC_00091
Q2G262,sao:SAOUHSC_00092
Q2G261,sao:SAOUHSC_00093
Q2G260,sao:SAOUHSC_00094
Q2G263,sao:SAOUHSC_00096
Q2G228,sao:SAOUHSC_00097
Q2G226,sao:SAOUHSC_00099
Q2G224,sao:SAOUHSC_00100
Q2G227,sao:SAOUHSC_00101
Q2G225,sao:SAOUHSC_00102
Q2G1L9,sao:SAOUHSC_00103
Q2G1L8,sao:SAOUHSC_00104
Q2G1L7,sao:SAOUHSC_00105
Q2G1L6,sao:SAOUHSC_00106
Q2G1L5,sao:SAOUHSC_00107
Q2G1L4,sao:SAOUHSC_00108
Q2G1L3,sao:SAOUHSC_00109
Q2G1L1,sao:SAOUHSC_00111
Q2G1K9,sao:SAOUHSC_00113
Q2G1K8,sao:SAOUHSC_00114
Q2G1K7,sao:SAOUHSC_00115
Q2G1K6,sao:SAOUHSC_00116
Q2G1K5,sao:SAOUHSC_00117
Q2G1K4,sao:SAOUHSC_00118
Q2G1K3,sao:SAOUHSC_00119
Q2G1K2,sao:SAOUHSC_00120
Q2G1K1,sao:SAOUHSC_00121
Q2G1K0,sao:SAOUHSC_00122
Q2G1J9,sao:SAOUHSC_00123
Q2G1J8,sao:SAOUHSC_00124
Q2G1J7,sao:SAOUHSC_00125
Q2G1J6,sao:SAOUHSC_00126
Q2G1J5,sao:SAOUHSC_00127
Q2G1J4,sao:SAOUHSC_00128
Q2G1J3,sao:SAOUHSC_00129
Q2G1J2,sao:SAOUHSC_00130
Q2G1J1,sao:SAOUHSC_00131
Q2G1J0,sao:SAOUHSC_00132
Q2G1I9,sao:SAOUHSC_00133
Q2G1I8,sao:SAOUHSC_00134
Q2G1I7,sao:SAOUHSC_00135
Q2G1I6,sao:SAOUHSC_00136
Q2G1I5,sao:SAOUHSC_00137
Q2G1I4,sao:SAOUHSC_00138
Q2G1I3,sao:SAOUHSC_00139
Q2G1I2,sao:SAOUHSC_00141
Q2G1I1,sao:SAOUHSC_00142
Q2G1I0,sao:SAOUHSC_00143
Q2G1H9,sao:SAOUHSC_00144
Q2G1H8,sao:SAOUHSC_00145
Q2G1H7,sao:SAOUHSC_00146
Q2G1H6,sao:SAOUHSC_00147
Q2G1H5,sao:SAOUHSC_00148
Q2G1H4,sao:SAOUHSC_00149
Q2G1H3,sao:SAOUHSC_00150
Q2G1H2,sao:SAOUHSC_00151
Q2G1H1,sao:SAOUHSC_00152
Q2G1H0,sao:SAOUHSC_00153
Q2G1G9,sao:SAOUHSC_00154
Q2G1G8,sao:SAOUHSC_00155
Q2G1G7,sao:SAOUHSC_00156
Q2G1G6,sao:SAOUHSC_00157
Q2G1G5,sao:SAOUHSC_00158
Q2G1G4,sao:SAOUHSC_00160
Q2G1G3,sao:SAOUHSC_00161
Q2G1G1,sao:SAOUHSC_00163
Q2G1G0,sao:SAOUHSC_00164
Q2G1F9,sao:SAOUHSC_00166
Q2G1F8,sao:SAOUHSC_00167
Q2G1F7,sao:SAOUHSC_00168
Q2G1F6,sao:SAOUHSC_00169
Q2G1F5,sao:SAOUHSC_00170
Q2G1F4,sao:SAOUHSC_00171
Q2G1F3,sao:SAOUHSC_00172
Q2G1F2,sao:SAOUHSC_00173
Q2G1F1,sao:SAOUHSC_00174
Q2G1F0,sao:SAOUHSC_00175
Q2G1E9,sao:SAOUHSC_00176
Q2G1E8,sao:SAOUHSC_00177
Q2G1E7,sao:SAOUHSC_00178
Q2G1E6,sao:SAOUHSC_00179
Q2G1E5,sao:SAOUHSC_00180
Q2G1E4,sao:SAOUHSC_00181
Q2G1E3,sao:SAOUHSC_00182
Q2G1E2,sao:SAOUHSC_00183
Q2G1E1,sao:SAOUHSC_00184
Q2G1E0,sao:SAOUHSC_00185
Q2G1D9,sao:SAOUHSC_00186
Q2G1D8,sao:SAOUHSC_00187
Q2G1D7,sao:SAOUHSC_00188
Q2G1D5,sao:SAOUHSC_00190
Q2G1D4,sao:SAOUHSC_00191
Q2G1D3,sao:SAOUHSC_00192
Q2G1D2,sao:SAOUHSC_00193
Q2G1D0,sao:SAOUHSC_00195
Q2G1C9,sao:SAOUHSC_00196
Q2G1C8,sao:SAOUHSC_00197
Q2G1C7,sao:SAOUHSC_00198
Q2G1C6,sao:SAOUHSC_00199
Q2G1C5,sao:SAOUHSC_00200
Q2G2P5,sao:SAOUHSC_00201
Q2G2P4,sao:SAOUHSC_00202
Q2G2P3,sao:SAOUHSC_00203
Q2G2P2,sao:SAOUHSC_00204
Q2G2P1,sao:SAOUHSC_00205
Q2G218,sao:SAOUHSC_00206
Q2G216,sao:SAOUHSC_00208
Q2G219,sao:SAOUHSC_00209
Q2G217,sao:SAOUHSC_00211
Q2G215,sao:SAOUHSC_00212
Q2G2B8,sao:SAOUHSC_00213
Q2G2B7,sao:SAOUHSC_00214
Q2G2B6,sao:SAOUHSC_00215
Q2G2C8,sao:SAOUHSC_00216
Q2G2C7,sao:SAOUHSC_00217
Q2G2C6,sao:SAOUHSC_00218
Q2G2C5,sao:SAOUHSC_00219
Q2G2C4,sao:SAOUHSC_00220
Q2G1C4,sao:SAOUHSC_00221
Q2G1C2,sao:SAOUHSC_00222
Q2G1C1,sao:SAOUHSC_00223
Q2G1C0,sao:SAOUHSC_00225
Q2G1B9,sao:SAOUHSC_00226
Q2G1B8,sao:SAOUHSC_00227
Q2G1B7,sao:SAOUHSC_00228
P72360,sao:SAOUHSC_00229
Q53705,sao:SAOUHSC_00230
P60611,sao:SAOUHSC_00231
P72358,sao:SAOUHSC_00232
P60643,sao:SAOUHSC_00233
Q2G1B1,sao:SAOUHSC_00234
Q2G1B0,sao:SAOUHSC_00235
Q2G1A9,sao:SAOUHSC_00236
Q2G1A8,sao:SAOUHSC_00237
Q2G1A7,sao:SAOUHSC_00238
Q2G1A6,sao:SAOUHSC_00239
Q2G1A5,sao:SAOUHSC_00240
Q2G1A4,sao:SAOUHSC_00241
Q2G1A3,sao:SAOUHSC_00242
Q2G1A2,sao:SAOUHSC_00243
Q2G1A1,sao:SAOUHSC_00244
Q2G199,sao:SAOUHSC_00246
Q2G198,sao:SAOUHSC_00247
O33599,sao:SAOUHSC_00248
Q2G196,sao:SAOUHSC_00249
Q2G195,sao:SAOUHSC_00250
Q2G194,sao:SAOUHSC_00251
Q2G193,sao:SAOUHSC_00253
Q2G192,sao:SAOUHSC_00254
Q2G191,sao:SAOUHSC_00255
Q2G190,sao:SAOUHSC_00256
Q2G189,sao:SAOUHSC_00257
Q2G188,sao:SAOUHSC_00258
Q2G187,sao:SAOUHSC_00259
Q2G186,sao:SAOUHSC_00260
Q2G185,sao:SAOUHSC_00261
Q2G184,sao:SAOUHSC_00262
Q2G183,sao:SAOUHSC_00264
Q2G182,sao:SAOUHSC_00265
Q2G181,sao:SAOUHSC_00266
Q2G180,sao:SAOUHSC_00267
Q2G179,sao:SAOUHSC_00268
Q2G178,sao:SAOUHSC_00269
Q2G177,sao:SAOUHSC_00270
Q2G176,sao:SAOUHSC_00271
Q2G175,sao:SAOUHSC_00272
Q2G2Q9,sao:SAOUHSC_00274
Q2G2Q8,sao:SAOUHSC_00275
Q2G2Q7,sao:SAOUHSC_00276
Q2G2Q6,sao:SAOUHSC_00277
Q2G2Q5,sao:SAOUHSC_00278
Q2G174,sao:SAOUHSC_00279
Q2G173,sao:SAOUHSC_00280
Q2G172,sao:SAOUHSC_00281
Q2G171,sao:SAOUHSC_00282
Q2G170,sao:SAOUHSC_00284
Q2G168,sao:SAOUHSC_00285
Q2G167,sao:SAOUHSC_00287
Q2G166,sao:SAOUHSC_00289
Q2G165,sao:SAOUHSC_00290
Q2G164,sao:SAOUHSC_00291
Q2G163,sao:SAOUHSC_00292
Q2G162,sao:SAOUHSC_00293
Q2G161,sao:SAOUHSC_00294
Q2G160,sao:SAOUHSC_00295
Q2G159,sao:SAOUHSC_00296
Q2G158,sao:SAOUHSC_00297
Q2G157,sao:SAOUHSC_00298
Q2G156,sao:SAOUHSC_00299
Q2G155,sao:SAOUHSC_00300
Q2G154,sao:SAOUHSC_00301
Q2G153,sao:SAOUHSC_00302
Q2G152,sao:SAOUHSC_00303
Q2G151,sao:SAOUHSC_00304
Q2G150,sao:SAOUHSC_00305
Q2G149,sao:SAOUHSC_00306
Q2G148,sao:SAOUHSC_00307
Q2G147,sao:SAOUHSC_00308
Q2G146,sao:SAOUHSC_00309
Q2G145,sao:SAOUHSC_00310
Q2G144,sao:SAOUHSC_00311
Q2G143,sao:SAOUHSC_00312
Q2G142,sao:SAOUHSC_00313
Q2G141,sao:SAOUHSC_00314
Q2G140,sao:SAOUHSC_00315
Q2G139,sao:SAOUHSC_00316
Q2G138,sao:SAOUHSC_00317
Q2G137,sao:SAOUHSC_00318
Q2G136,sao:SAOUHSC_00319
Q2G135,sao:SAOUHSC_00320
Q2G134,sao:SAOUHSC_00322
Q2G133,sao:SAOUHSC_00323
Q2G132,sao:SAOUHSC_00324
Q2G131,sao:SAOUHSC_00325
Q2G130,sao:SAOUHSC_00326
Q2G129,sao:SAOUHSC_00327
Q2G128,sao:SAOUHSC_00328
Q2G127,sao:SAOUHSC_00329
Q2G126,sao:SAOUHSC_00330
Q2G1V7,sao:SAOUHSC_00331
Q2G1V5,sao:SAOUHSC_00332
Q2G1V4,sao:SAOUHSC_00333
Q2G1V6,sao:SAOUHSC_00334
Q2G1V3,sao:SAOUHSC_00335
Q2G124,sao:SAOUHSC_00336
Q2G123,sao:SAOUHSC_00337
Q2G122,sao:SAOUHSC_00338
Q2G121,sao:SAOUHSC_00339
Q2G120,sao:SAOUHSC_00340
Q2G119,sao:SAOUHSC_00341
Q2G118,sao:SAOUHSC_00342
Q2G117,sao:SAOUHSC_00344
Q2G116,sao:SAOUHSC_00345
Q2G115,sao:SAOUHSC_00346
Q2G114,sao:SAOUHSC_00347
Q2G113,sao:SAOUHSC_00348
Q2G112,sao:SAOUHSC_00349
Q2G111,sao:SAOUHSC_00350
Q2G110,sao:SAOUHSC_00351
Q2G109,sao:SAOUHSC_00352
Q2G108,sao:SAOUHSC_00353
Q2G107,sao:SAOUHSC_00354
Q2G106,sao:SAOUHSC_00355
Q2G105,sao:SAOUHSC_00356
Q2G104,sao:SAOUHSC_00357
Q2G103,sao:SAOUHSC_00358
Q2G102,sao:SAOUHSC_A00354
Q2G101,sao:SAOUHSC_00359
Q2G100,sao:SAOUHSC_00360
Q2G0Z9,sao:SAOUHSC_00362
Q2G0Z8,sao:SAOUHSC_00363
O05204,sao:SAOUHSC_00364
P0A0B7,sao:SAOUHSC_00365
Q2G0Z5,sao:SAOUHSC_00366
Q2G0Z4,sao:SAOUHSC_00367
Q2G0Z3,sao:SAOUHSC_00368
Q2G0Z2,sao:SAOUHSC_00369
Q2G0Z1,sao:SAOUHSC_00370
Q2G0Z0,sao:SAOUHSC_00371
Q2G0Y9,sao:SAOUHSC_00372
Q2G0Y8,sao:SAOUHSC_00373
Q2G0Y7,sao:SAOUHSC_00374
Q2G0Y6,sao:SAOUHSC_00375
Q2G0Y5,sao:SAOUHSC_00376
Q2G0Y4,sao:SAOUHSC_00377
Q2G0Y3,sao:SAOUHSC_00378
Q2G0Y1,sao:SAOUHSC_00381
Q2G0Y0,sao:SAOUHSC_00382
Q2G0X9,sao:SAOUHSC_00383
Q2G0X8,sao:SAOUHSC_00384
Q2G0X7,sao:SAOUHSC_00386
Q2G1S9,sao:SAOUHSC_00387
Q2G1S8,sao:SAOUHSC_00389
Q2G1S6,sao:SAOUHSC_00390
Q2G1S5,sao:SAOUHSC_00391
Q9RN32,sao:SAOUHSC_00392
Q2G2Y0,sao:SAOUHSC_00392
Q2G2X9,sao:SAOUHSC_00393
Q2G2X8,sao:SAOUHSC_00394
Q2G2X7,sao:SAOUHSC_00395
Q2G2Y1,sao:SAOUHSC_00396
Q2G0X6,sao:SAOUHSC_00397
Q2G0X5,sao:SAOUHSC_00398
Q2G0X4,sao:SAOUHSC_00399
Q2G0X3,sao:SAOUHSC_00400
Q2G0X2,sao:SAOUHSC_00401
Q2G0X1,sao:SAOUHSC_00402
Q2G0X0,sao:SAOUHSC_00404
Q2G0W9,sao:SAOUHSC_00405
Q2G0W8,sao:SAOUHSC_00406
Q2G0W7,sao:SAOUHSC_00407
Q2G0W6,sao:SAOUHSC_00408
Q2G0W5,sao:SAOUHSC_00409
Q2G0W4,sao:SAOUHSC_00410
Q2G0W3,sao:SAOUHSC_00411
Q2G0W2,sao:SAOUHSC_00412
Q2G0W1,sao:SAOUHSC_00413
Q2G0W0,sao:SAOUHSC_00414
Q2G0V9,sao:SAOUHSC_00415
Q2G0V8,sao:SAOUHSC_00416
Q2G0V7,sao:SAOUHSC_00417
Q2G0V6,sao:SAOUHSC_00418
Q2G0V5,sao:SAOUHSC_00420
Q2G0V4,sao:SAOUHSC_00421
Q2G0V3,sao:SAOUHSC_00422
Q2G0V2,sao:SAOUHSC_00423
Q2G0V1,sao:SAOUHSC_00424
Q2G0V0,sao:SAOUHSC_00426
Q2G0U9,sao:SAOUHSC_00427
Q2G0U8,sao:SAOUHSC_00428
Q2G0U7,sao:SAOUHSC_00429
Q2G0U6,sao:SAOUHSC_00430
Q2G0U5,sao:SAOUHSC_00431
Q2G0U4,sao:SAOUHSC_00433
Q2G0U3,sao:SAOUHSC_00434
Q2G0U2,sao:SAOUHSC_00435
Q2G0U1,sao:SAOUHSC_00436
Q2G0U0,sao:SAOUHSC_00437
Q2G0T9,sao:SAOUHSC_00438
Q2G0T8,sao:SAOUHSC_00439
Q2G0T7,sao:SAOUHSC_00440
Q2G0T6,sao:SAOUHSC_00441
Q2G0T5,sao:SAOUHSC_00442
Q2G0T4,sao:SAOUHSC_00444
Q2G0T3,sao:SAOUHSC_00445
Q2G0T2,sao:SAOUHSC_00446
Q2G232,sao:SAOUHSC_00450
Q2G230,sao:SAOUHSC_00451
Q2G229,sao:SAOUHSC_00452
Q2G2X1,sao:SAOUHSC_00454
Q2G2W9,sao:SAOUHSC_00455
Q2G2W8,sao:SAOUHSC_00456
Q2G2X0,sao:SAOUHSC_00457
Q2G2W7,sao:SAOUHSC_00458
Q2G1S1,sao:SAOUHSC_00459
Q2G1R9,sao:SAOUHSC_00461
Q2G1S2,sao:SAOUHSC_00462
Q2G0T1,sao:SAOUHSC_00463
Q2G0T0,sao:SAOUHSC_00464
Q2G0S9,sao:SAOUHSC_00465
Q2G0S8,sao:SAOUHSC_00466
Q2G0S7,sao:SAOUHSC_00467
Q2G0S6,sao:SAOUHSC_00468
Q2G0S5,sao:SAOUHSC_00469
Q2G0S4,sao:SAOUHSC_00470
Q2G0S3,sao:SAOUHSC_00471
Q2G0S2,sao:SAOUHSC_00472
Q2G0S1,sao:SAOUHSC_00473
Q2G0S0,sao:SAOUHSC_00474
Q2G0R9,sao:SAOUHSC_00475
Q2G0R8,sao:SAOUHSC_00477
Q2G0R7,sao:SAOUHSC_00479
Q2G0R6,sao:SAOUHSC_00480
Q2G0R5,sao:SAOUHSC_00481
Q2G0R4,sao:SAOUHSC_00482
Q2G0R3,sao:SAOUHSC_00483
Q2G0R2,sao:SAOUHSC_00484
Q2G0R1,sao:SAOUHSC_00485
Q2G0R0,sao:SAOUHSC_00486
Q2G0Q9,sao:SAOUHSC_00487
Q2G0Q8,sao:SAOUHSC_00488
Q2G0Q7,sao:SAOUHSC_00489
Q2G0Q6,sao:SAOUHSC_00490
Q2G0Q5,sao:SAOUHSC_00491
Q2G0Q4,sao:SAOUHSC_00492
Q2G0Q3,sao:SAOUHSC_00493
Q2G0Q2,sao:SAOUHSC_00497
Q2G0Q1,sao:SAOUHSC_00499
Q2G0Q0,sao:SAOUHSC_00500
Q2G0P9,sao:SAOUHSC_00501
Q2G0P8,sao:SAOUHSC_00502
Q2G0P7,sao:SAOUHSC_00503
Q2G0P6,sao:SAOUHSC_00504
Q2G0P5,sao:SAOUHSC_00505
Q2G243,sao:SAOUHSC_00507
Q2G242,sao:SAOUHSC_00508
Q2G241,sao:SAOUHSC_00509
Q2G2M7,sao:SAOUHSC_00510
Q2G2M6,sao:SAOUHSC_00511
Q2G2M4,sao:SAOUHSC_00512
Q2G2M3,sao:SAOUHSC_00513
Q2G2M5,sao:SAOUHSC_00514
Q2G0P4,sao:SAOUHSC_00515
P0A0I4,sao:SAOUHSC_00516
Q2G0P2,sao:SAOUHSC_00517
P0A0F4,sao:SAOUHSC_00518
Q2G0P0,sao:SAOUHSC_00519
Q2G0N9,sao:SAOUHSC_00520
P48860,sao:SAOUHSC_00521
Q2G0N7,sao:SAOUHSC_00523
P47768,sao:SAOUHSC_00524
Q2G0N5,sao:SAOUHSC_00525
P0A0G6,sao:SAOUHSC_00526
P0A0H0,sao:SAOUHSC_00527
P48940,sao:SAOUHSC_00528
Q2G0N1,sao:SAOUHSC_00529
Q2G0N0,sao:SAOUHSC_00530
Q2G0M9,sao:SAOUHSC_00531
Q2G0M8,sao:SAOUHSC_00532
Q2G0M7,sao:SAOUHSC_00533
Q2G0M6,sao:SAOUHSC_00534
Q2G0M5,sao:SAOUHSC_00535
Q2G0M4,sao:SAOUHSC_00536
Q2G0M3,sao:SAOUHSC_00537
Q2G0M2,sao:SAOUHSC_00538
Q2G0M1,sao:SAOUHSC_00539
Q2G0M0,sao:SAOUHSC_00540
Q2G0L9,sao:SAOUHSC_00541
Q2G0L8,sao:SAOUHSC_00542
Q2G0L7,sao:SAOUHSC_00543
Q2G0L6,sao:SAOUHSC_A00526
Q2G0L5,sao:SAOUHSC_00544
Q2G0L4,sao:SAOUHSC_00545
Q2G0L3,sao:SAOUHSC_00547
Q2G0L2,sao:SAOUHSC_00548
Q2G0L1,sao:SAOUHSC_00549
Q2G0L0,sao:SAOUHSC_00550
Q2G0K9,sao:SAOUHSC_00551
Q2G0K8,sao:SAOUHSC_00552
Q2G0K7,sao:SAOUHSC_00553
Q2G0K6,sao:SAOUHSC_00554
Q2G0K5,sao:SAOUHSC_00555
Q2G0K4,sao:SAOUHSC_00556
Q2G0K3,sao:SAOUHSC_00557
Q2G0K2,sao:SAOUHSC_00558
Q2G0K1,sao:SAOUHSC_00559
Q2G0K0,sao:SAOUHSC_00560
Q2G0J9,sao:SAOUHSC_00561
Q2G0J8,sao:SAOUHSC_00562
Q2G0J7,sao:SAOUHSC_00564
Q2G0J6,sao:SAOUHSC_00565
Q2G0J5,sao:SAOUHSC_00567
Q2G0J4,sao:SAOUHSC_00569
Q2G0J3,sao:SAOUHSC_00571
Q2G0J2,sao:SAOUHSC_00572
Q2G0J1,sao:SAOUHSC_00573
Q2G0J0,sao:SAOUHSC_00574
Q2G0I9,sao:SAOUHSC_00575
Q2G0I8,sao:SAOUHSC_00577
Q2G0I7,sao:SAOUHSC_00578
Q2G0I6,sao:SAOUHSC_00579
Q2G0I5,sao:SAOUHSC_00580
Q2G0I4,sao:SAOUHSC_00581
Q2G0I3,sao:SAOUHSC_00582
Q2G0I2,sao:SAOUHSC_00583
Q2G0I1,sao:SAOUHSC_00584
Q2G0I0,sao:SAOUHSC_00585
Q2G0H9,sao:SAOUHSC_00586
Q2G0H8,sao:SAOUHSC_00587
Q2G0H7,sao:SAOUHSC_00588
Q2G0H6,sao:SAOUHSC_00589
Q2G0H5,sao:SAOUHSC_00591
Q2G0H4,sao:SAOUHSC_00592
Q2G0H1,sao:SAOUHSC_00596
Q2G0H0,sao:SAOUHSC_00598
Q2G0G9,sao:SAOUHSC_00599
Q2G0G8,sao:SAOUHSC_00600
Q2G0G7,sao:SAOUHSC_00602
Q2G0G6,sao:SAOUHSC_00603
Q2G0G5,sao:SAOUHSC_00604
Q2G0G4,sao:SAOUHSC_00605
Q2G0G3,sao:SAOUHSC_00606
Q2G0G2,sao:SAOUHSC_00607
Q2G0G1,sao:SAOUHSC_00608
Q2G0G0,sao:SAOUHSC_00609
Q2G0F9,sao:SAOUHSC_00610
Q2G0F8,sao:SAOUHSC_00611
Q2G0F7,sao:SAOUHSC_00612
Q2G0F6,sao:SAOUHSC_00613
Q2G0F5,sao:SAOUHSC_00614
Q2G0F4,sao:SAOUHSC_00615
Q2G0F3,sao:SAOUHSC_00616
Q2G0F2,sao:SAOUHSC_00617
Q2G0F1,sao:SAOUHSC_00618
Q2G0F0,sao:SAOUHSC_00619
Q2G2U9,sao:SAOUHSC_00620
Q2G2U7,sao:SAOUHSC_00621
Q2G2V1,sao:SAOUHSC_00622
Q2G2V0,sao:SAOUHSC_00624
Q2G2U8,sao:SAOUHSC_00625
Q2G214,sao:SAOUHSC_00626
Q2G213,sao:SAOUHSC_00627
Q2G212,sao:SAOUHSC_00628
Q2G210,sao:SAOUHSC_00629
Q2G2E1,sao:SAOUHSC_00632
Q2G2E0,sao:SAOUHSC_00633
Q2G2D8,sao:SAOUHSC_00634
Q2G2D9,sao:SAOUHSC_00636
Q2G2L2,sao:SAOUHSC_00637
Q2G2L0,sao:SAOUHSC_00638
Q2G2K9,sao:SAOUHSC_00639
Q2G2L3,sao:SAOUHSC_00640
Q2G2L1,sao:SAOUHSC_00641
Q2G2X5,sao:SAOUHSC_00642
Q2G2X4,sao:SAOUHSC_00643
O05154,sao:SAOUHSC_00644
O05155,sams:NI36_03210
O05155,sao:SAOUHSC_00645
O05155,saud:CH52_02555
Q2G2X2,sao:SAOUHSC_00645
Q2G2X6,sao:SAOUHSC_00646
Q2G2E5,sao:SAOUHSC_00647
Q2G2E4,sao:SAOUHSC_00648
Q2G2E3,sao:SAOUHSC_00650
Q2G2E2,sao:SAOUHSC_00651
Q2G1Z3,sao:SAOUHSC_00652
Q2G1Z2,sao:SAOUHSC_00653
Q2G1Z1,sao:SAOUHSC_00654
Q2G1Z0,sao:SAOUHSC_00655
Q2G0E9,sao:SAOUHSC_00656
Q2G0E8,sao:SAOUHSC_00658
Q2G0E7,sao:SAOUHSC_00659
Q2G0E6,sao:SAOUHSC_00660
Q2G0E5,sao:SAOUHSC_00661
Q2G0E3,sao:SAOUHSC_00662
Q2G0E2,sao:SAOUHSC_00663
Q2G0E1,sao:SAOUHSC_00664
Q2G0E0,sao:SAOUHSC_00665
Q2G0D9,sao:SAOUHSC_00666
Q2G0D8,sao:SAOUHSC_00667
Q2G0D7,sao:SAOUHSC_00668
Q2G0D6,sao:SAOUHSC_00669
Q2G0D5,sao:SAOUHSC_00670
Q2G0D4,sao:SAOUHSC_00671
Q2G0D3,sao:SAOUHSC_00672
Q2G0D2,sao:SAOUHSC_00673
Q2G0D1,sao:SAOUHSC_00674
Q2G0D0,sao:SAOUHSC_00675
Q2G0C9,sao:SAOUHSC_00676
Q2G0C8,sao:SAOUHSC_00677
Q2G0C7,sao:SAOUHSC_00678
Q2G0C6,sao:SAOUHSC_00679
Q2G0C5,sao:SAOUHSC_00680
Q2G0C4,sao:SAOUHSC_00681
Q2G0C3,sao:SAOUHSC_00682
Q2G0C2,sao:SAOUHSC_00683
Q2G0C1,sao:SAOUHSC_00684
Q2G0C0,sao:SAOUHSC_00685
Q2G0B9,sao:SAOUHSC_00686
Q2G0B8,sao:SAOUHSC_00687
Q2G0B7,sao:SAOUHSC_00688
Q2G0B6,sao:SAOUHSC_00689
Q2G0B5,sao:SAOUHSC_00690
Q2G0B4,sao:SAOUHSC_00691
Q2G0B3,sao:SAOUHSC_00692
Q2G0B2,sao:SAOUHSC_00693
Q2G0B1,sao:SAOUHSC_00694
Q2G0B0,sao:SAOUHSC_00695
Q2G0A9,sao:SAOUHSC_00696
Q2G0A8,sao:SAOUHSC_00697
Q2G0A7,sao:SAOUHSC_00698
Q2G0A6,sao:SAOUHSC_00699
Q2G0A5,sao:SAOUHSC_00700
Q2G0A4,sao:SAOUHSC_00701
Q2G0A3,sao:SAOUHSC_00702
Q53459,sao:SAOUHSC_00703
Q2G0A2,sao:SAOUHSC_00703
Q2G0A1,sao:SAOUHSC_00704
Q2G0A0,sao:SAOUHSC_00705
Q2G240,sao:SAOUHSC_00706
Q2G238,sao:SAOUHSC_00707
Q2G239,sao:SAOUHSC_00708
Q2G2U0,sao:SAOUHSC_00710
Q2G2T9,sao:SAOUHSC_00711
Q2G2T8,sao:SAOUHSC_00712
Q2G2T7,sao:SAOUHSC_00713
Q2G2U1,sao:SAOUHSC_00714
Q2G2G2,sao:SAOUHSC_00715
Q2G2G1,sao:SAOUHSC_00716
Q2G2G0,sao:SAOUHSC_00717
Q2G2F9,sao:SAOUHSC_00718
Q2G1X7,sao:SAOUHSC_00719
Q2G1X5,sao:SAOUHSC_00720
Q2G1X6,sao:SAOUHSC_00721
Q2G099,sao:SAOUHSC_00722
Q2G098,sao:SAOUHSC_00723
Q2G097,sao:SAOUHSC_00724
Q2G096,sao:SAOUHSC_00725
Q2G095,sao:SAOUHSC_00726
Q2G094,sao:SAOUHSC_00727
Q2G093,sao:SAOUHSC_00728
Q2G091,sao:SAOUHSC_00729
Q2G090,sao:SAOUHSC_00730
Q2G089,sao:SAOUHSC_00731
Q2G088,sao:SAOUHSC_00732
Q2G087,sao:SAOUHSC_00733
Q2G086,sao:SAOUHSC_00734
Q2G085,sao:SAOUHSC_00735
Q2G084,sao:SAOUHSC_00736
Q2G083,sao:SAOUHSC_00737
Q2G082,sao:SAOUHSC_00738
Q2G081,sao:SAOUHSC_00739
Q2G080,sao:SAOUHSC_00740
Q2G079,sao:SAOUHSC_00741
Q2G078,sao:SAOUHSC_00742
Q2G077,sao:SAOUHSC_00743
Q2G076,sao:SAOUHSC_00744
Q2G075,sao:SAOUHSC_00745
Q2G074,sao:SAOUHSC_00746
Q2G073,sao:SAOUHSC_00747
Q2G072,sao:SAOUHSC_00748
Q2G071,sao:SAOUHSC_00749
Q2G070,sao:SAOUHSC_00751
Q2G069,sao:SAOUHSC_00752
Q2G068,sao:SAOUHSC_00753
Q2G067,sao:SAOUHSC_00754
Q2G066,sao:SAOUHSC_00755
Q2G065,sao:SAOUHSC_00756
Q2G064,sao:SAOUHSC_00757
Q2G063,sao:SAOUHSC_00758
Q2G062,sao:SAOUHSC_00759
Q2G061,sao:SAOUHSC_00760
Q2G060,sao:SAOUHSC_00762
Q2G059,sao:SAOUHSC_00763
Q2G058,sao:SAOUHSC_00764
Q2G057,sao:SAOUHSC_00765
Q2G056,sao:SAOUHSC_00766
Q2G055,sao:SAOUHSC_00767
O06446,sao:SAOUHSC_00769
Q2G053,sao:SAOUHSC_00770
Q2G052,sao:SAOUHSC_00771
Q2G279,sao:SAOUHSC_00772
Q2G278,sao:SAOUHSC_00773
Q2G277,sao:SAOUHSC_00774
Q2G051,sao:SAOUHSC_00775
Q2G050,sao:SAOUHSC_00776
Q2G049,sao:SAOUHSC_00778
Q2G047,sao:SAOUHSC_00779
Q2G046,sao:SAOUHSC_00780
Q2G045,sao:SAOUHSC_00781
Q2G044,sao:SAOUHSC_00782
Q2G043,sao:SAOUHSC_00783
Q2G042,sao:SAOUHSC_00784
Q2G041,sao:SAOUHSC_00785
Q2G040,sao:SAOUHSC_00786
Q2G039,sao:SAOUHSC_00787
Q2G038,sao:SAOUHSC_00788
Q2G037,sao:SAOUHSC_00789
Q2G036,sao:SAOUHSC_00790
Q2G035,sao:SAOUHSC_00792
Q2G034,sao:SAOUHSC_00793
Q2G033,sao:SAOUHSC_00794
Q2G032,sao:SAOUHSC_00795
Q2G031,sao:SAOUHSC_00796
Q2G030,sao:SAOUHSC_00797
Q2G029,sao:SAOUHSC_00798
Q2G028,sao:SAOUHSC_00799
Q2G027,sao:SAOUHSC_00800
Q2G026,sao:SAOUHSC_00801
Q2G025,sao:SAOUHSC_00802
Q2G024,sao:SAOUHSC_00803
Q2G023,sao:SAOUHSC_00804
Q2G021,sao:SAOUHSC_00806
Q2G020,sao:SAOUHSC_00807
Q2G019,sao:SAOUHSC_00808
Q2G018,sao:SAOUHSC_00809
Q2G017,sao:SAOUHSC_00810
Q2G016,sao:SAOUHSC_00811
Q2G015,sao:SAOUHSC_00812
Q2G012,sao:SAOUHSC_00816
Q2G011,sao:SAOUHSC_00817
Q2G010,sao:SAOUHSC_00818
Q2G009,sao:SAOUHSC_00819
Q2G008,sao:SAOUHSC_00820
Q2G007,sao:SAOUHSC_00821
Q2G006,sao:SAOUHSC_00822
Q2G005,sao:SAOUHSC_00823
Q2G004,sao:SAOUHSC_00824
Q2G003,sao:SAOUHSC_00825
Q2G1T2,sao:SAOUHSC_00826
Q2G1T1,sao:SAOUHSC_00827
Q2G1T0,sao:SAOUHSC_00828
Q2G1T4,sao:SAOUHSC_00830
Q2G1T3,sao:SAOUHSC_00831
Q2G002,sao:SAOUHSC_00832
Q2G001,sao:SAOUHSC_00833
Q2G000,sao:SAOUHSC_00834
Q2FZZ9,sao:SAOUHSC_00835
Q2FZZ8,sao:SAOUHSC_00836
Q2FZZ7,sao:SAOUHSC_00837
Q2FZZ6,sao:SAOUHSC_00838
Q2FZZ5,sao:SAOUHSC_00839
Q2FZZ4,sao:SAOUHSC_00840
Q2FZZ3,sao:SAOUHSC_00841
Q2FZZ2,sao:SAOUHSC_00842
Q2FZZ1,sao:SAOUHSC_00843
Q2FZZ0,sao:SAOUHSC_00844
Q2FZY9,sao:SAOUHSC_00845
Q2FZY8,sao:SAOUHSC_00846
Q2FZY7,sao:SAOUHSC_00847
Q2FZY6,sao:SAOUHSC_00848
Q2FZY5,sao:SAOUHSC_00849
Q2FZY4,sao:SAOUHSC_00850
Q2FZY3,sao:SAOUHSC_00851
Q2FZY2,sao:SAOUHSC_00852
Q2FZY1,sao:SAOUHSC_00853
Q2FZY0,sao:SAOUHSC_00854
Q2FZX9,sao:SAOUHSC_00855
Q2FZX8,sao:SAOUHSC_00857
Q2FZX7,sao:SAOUHSC_00858
Q2FZX6,sao:SAOUHSC_00859
Q2FZX5,sao:SAOUHSC_00860
Q2FZX4,sao:SAOUHSC_00861
Q2FZX3,sao:SAOUHSC_00862
Q2FZX2,sao:SAOUHSC_00863
Q2FZX1,sao:SAOUHSC_00864
Q2FZX0,sao:SAOUHSC_00865
Q2FZW9,sao:SAOUHSC_00866
Q2FZW8,sao:SAOUHSC_00867
Q2FZW7,sao:SAOUHSC_00868
Q2FZW6,sao:SAOUHSC_00869
Q2FZW5,sao:SAOUHSC_00870
Q2FZW4,sao:SAOUHSC_00871
Q2FZW3,sao:SAOUHSC_00872
Q2FZW2,sao:SAOUHSC_00873
Q2FZW1,sao:SAOUHSC_00874
Q2FZW0,sao:SAOUHSC_00875
Q2FZV9,sao:SAOUHSC_00876
Q2FZV8,sao:SAOUHSC_00877
Q2FZV7,sao:SAOUHSC_00878
Q2FZV6,sao:SAOUHSC_00879
Q2FZV5,sao:SAOUHSC_00880
Q2FZV4,sao:SAOUHSC_00881
Q2G2I0,sao:SAOUHSC_00882
Q2G2H9,sao:SAOUHSC_00883
Q2G2H6,sao:SAOUHSC_00884
Q2G2H8,sao:SAOUHSC_00885
Q2G2H7,sao:SAOUHSC_00886
Q2FZV3,sao:SAOUHSC_00887
Q2FZV2,sao:SAOUHSC_00888
Q2FZV1,sao:SAOUHSC_00889
Q2FZV0,sao:SAOUHSC_00890
Q2FZU9,sao:SAOUHSC_00891
Q2FZU8,sao:SAOUHSC_00892
Q2FZU7,sao:SAOUHSC_00893
Q2FZU6,sao:SAOUHSC_00894
Q2FZU5,sao:SAOUHSC_00895
Q2FZU4,sao:SAOUHSC_00896
Q2FZU3,sao:SAOUHSC_00897
Q2FZU2,sao:SAOUHSC_00898
Q2FZU1,sao:SAOUHSC_00899
Q2FZU0,sao:SAOUHSC_00900
Q2FZT9,sao:SAOUHSC_00901
Q2FZT8,sao:SAOUHSC_00902
Q2FZT7,sao:SAOUHSC_00903
Q2FZT6,sao:SAOUHSC_00904
Q2FZT5,sao:SAOUHSC_00905
Q2FZT4,sao:SAOUHSC_00906
Q2FZT3,sao:SAOUHSC_00907
O52582,sao:SAOUHSC_00908
Q2FZT1,sao:SAOUHSC_00909
Q2FZT0,sao:SAOUHSC_00910
Q2FZS9,sao:SAOUHSC_00911
Q2FZS8,sao:SAOUHSC_00912
Q2FZS7,sao:SAOUHSC_00913
Q2FZS6,sao:SAOUHSC_00914
Q2FZS5,sao:SAOUHSC_00915
Q2FZS4,sao:SAOUHSC_00916
Q2FZS3,sao:SAOUHSC_00917
Q2FZS1,sao:SAOUHSC_00919
Q2FZS0,sao:SAOUHSC_00920
Q2FZR9,sao:SAOUHSC_00921
Q2FZR8,sao:SAOUHSC_00922
Q2FZR7,sao:SAOUHSC_00923
Q2FZR6,sao:SAOUHSC_00924
Q2FZR5,sao:SAOUHSC_00925
Q2FZR4,sao:SAOUHSC_00926
Q2FZR3,sao:SAOUHSC_00927
Q2FZR2,sao:SAOUHSC_00928
Q2FZR1,sao:SAOUHSC_00929
Q2FZR0,sao:SAOUHSC_00930
Q2FZQ9,sao:SAOUHSC_00931
Q2FZQ8,sao:SAOUHSC_00932
Q2FZQ7,sao:SAOUHSC_00933
Q2G1U6,sao:SAOUHSC_00934
Q2G1U5,sao:SAOUHSC_00935
Q2G1U4,sao:SAOUHSC_00936
Q2G1U3,sao:SAOUHSC_00937
Q2G203,sao:SAOUHSC_00938
Q2G202,sao:SAOUHSC_00939
Q2G201,sao:SAOUHSC_00940
Q2G200,sao:SAOUHSC_00941
Q2G204,sao:SAOUHSC_00942
Q2G1Z9,sao:SAOUHSC_00943
Q2FZQ6,sao:SAOUHSC_00944
Q2FZQ5,sao:SAOUHSC_00945
Q2FZQ4,sao:SAOUHSC_00946
Q2FZQ3,sao:SAOUHSC_00947
Q2FZQ2,sao:SAOUHSC_00948
Q2FZQ1,sao:SAOUHSC_00949
Q2FZQ0,sao:SAOUHSC_00950
Q2FZP9,sao:SAOUHSC_00951
Q2FZP8,sao:SAOUHSC_00952
Q2FZP7,sao:SAOUHSC_00953
Q2FZP6,sao:SAOUHSC_00954
Q2FZP5,sao:SAOUHSC_00955
Q2FZP4,sao:SAOUHSC_00956
Q2FZP3,sao:SAOUHSC_00957
Q2FZP2,sao:SAOUHSC_00958
Q2FZP1,sao:SAOUHSC_00959
Q2FZP0,sao:SAOUHSC_00960
Q2FZN9,sao:SAOUHSC_00961
Q2FZN8,sao:SAOUHSC_00962
Q2FZN7,sao:SAOUHSC_00963
Q2FZN6,sao:SAOUHSC_00964
Q2FZN5,sao:SAOUHSC_00965
Q2FZN4,sao:SAOUHSC_00966
Q2FZN3,sao:SAOUHSC_00967
Q2FZN2,sao:SAOUHSC_00968
Q2FZN1,sao:SAOUHSC_00969
Q2FZN0,sao:SAOUHSC_00970
Q2FZM9,sao:SAOUHSC_00971
Q2FZM8,sao:SAOUHSC_00972
Q2FZM5,sao:SAOUHSC_00975
Q2FZM4,sao:SAOUHSC_00976
Q2FZM3,sao:SAOUHSC_00977
Q2FZM2,sao:SAOUHSC_00978
Q2FZM1,sao:SAOUHSC_00979
Q2FZM0,sao:SAOUHSC_00980
Q2FZL9,sao:SAOUHSC_00981
Q2FZL8,sao:SAOUHSC_00982
Q2FZL7,sao:SAOUHSC_00983
Q2FZL6,sao:SAOUHSC_00984
Q2FZL5,sao:SAOUHSC_00985
Q9EYW6,sao:SAOUHSC_00986
Q2FZL3,sao:SAOUHSC_00987
Q2FZL2,sao:SAOUHSC_00988
Q2FZL1,sao:SAOUHSC_00989
Q2FZL0,sao:SAOUHSC_00991
Q2FZK9,sao:SAOUHSC_00992
Q2FZK8,sao:SAOUHSC_00993
Q2FZK7,sao:SAOUHSC_00994
P0A0M9,sao:SAOUHSC_00995
P0A0Q4,sao:SAOUHSC_00996
P52078,sao:SAOUHSC_00997
Q2FZK3,sao:SAOUHSC_00998
Q2FZK2,sao:SAOUHSC_00999
Q2FZK1,sao:SAOUHSC_01000
Q2FZK0,sao:SAOUHSC_01001
Q2FZJ9,sao:SAOUHSC_01002
Q2FZJ8,sao:SAOUHSC_01003
Q2FZJ7,sao:SAOUHSC_01005
Q2FZJ6,sao:SAOUHSC_01007
Q2FZJ5,sao:SAOUHSC_01008
Q2FZJ4,sao:SAOUHSC_01009
Q2FZJ3,sao:SAOUHSC_01010
Q2FZJ2,sao:SAOUHSC_01011
Q2FZJ1,sao:SAOUHSC_01012
Q2FZJ0,sao:SAOUHSC_01013
Q2FZI9,sao:SAOUHSC_01014
Q2FZI8,sao:SAOUHSC_01015
Q2FZI7,sao:SAOUHSC_01016
Q2FZI6,sao:SAOUHSC_01017
Q2FZI5,sao:SAOUHSC_01018
Q2FZI4,sao:SAOUHSC_01019
Q2FZI3,sao:SAOUHSC_01021
Q2FZI2,sao:SAOUHSC_01022
Q2FZI1,sao:SAOUHSC_01023
Q2FZI0,sao:SAOUHSC_01024
Q2FZH9,sao:SAOUHSC_01025
Q2FZH8,sao:SAOUHSC_01026
Q2FZH7,sao:SAOUHSC_01027
Q2FZH6,sao:SAOUHSC_01028
Q2FZH5,sao:SAOUHSC_01029
Q2FZH4,sao:SAOUHSC_01030
Q2FZH3,sao:SAOUHSC_01031
Q2FZH2,sao:SAOUHSC_01032
Q2FZH1,sao:SAOUHSC_01034
Q2FZH0,sao:SAOUHSC_A00992
Q2FZG9,sao:SAOUHSC_01035
Q2FZG8,sao:SAOUHSC_01036
Q2FZG7,sao:SAOUHSC_01037
Q2FZG6,sao:SAOUHSC_01038
Q2FZG5,sao:SAOUHSC_01039
Q2FZG4,sao:SAOUHSC_01040
Q2G2A5,sao:SAOUHSC_01041
Q2G2A4,sao:SAOUHSC_01042
Q2G2A3,sao:SAOUHSC_01043
Q2G2A2,sao:SAOUHSC_01044
Q2G2A6,sao:SAOUHSC_01045
Q2G2A7,sao:SAOUHSC_01046
Q2G2B0,sao:SAOUHSC_01047
Q2G2A9,sao:SAOUHSC_01048
Q2G2A8,sao:SAOUHSC_01049
Q2G2G6,sao:SAOUHSC_01050
Q2G2G5,sao:SAOUHSC_01051
Q2G2G3,sao:SAOUHSC_01053
Q2G2G7,sao:SAOUHSC_01054
Q2G2G4,sao:SAOUHSC_01055
Q2G1Y6,sao:SAOUHSC_01058
Q2G1Y9,sao:SAOUHSC_01060
Q2G1Y7,sao:SAOUHSC_01061
Q2G2C3,sao:SAOUHSC_01062
Q2G2C2,sao:SAOUHSC_01063
Q2G2C1,sao:SAOUHSC_01064
Q2G2C0,sao:SAOUHSC_01065
Q2G2B9,sao:SAOUHSC_01066
Q2FZG3,sao:SAOUHSC_01067
Q2FZG2,sao:SAOUHSC_01068
Q2FZG1,sao:SAOUHSC_01069
Q2FZG0,sao:SAOUHSC_01070
Q2FZF9,sao:SAOUHSC_01071
Q2FZF8,sao:SAOUHSC_01072
Q2FZF7,sao:SAOUHSC_01073
Q2FZF6,sao:SAOUHSC_01074
Q2FZF5,sao:SAOUHSC_01075
Q2FZF4,sao:SAOUHSC_01076
Q2FZF3,sao:SAOUHSC_01077
Q2FZF0,sao:SAOUHSC_01079
Q2FZE9,sao:SAOUHSC_01081
Q8KQR1,sao:SAOUHSC_01082
Q2FZE7,sao:SAOUHSC_01084
Q2FZE6,sao:SAOUHSC_01085
Q2FZE5,sao:SAOUHSC_01086
Q2FZE4,sao:SAOUHSC_01087
Q2FZE3,sao:SAOUHSC_01088
Q2FZE2,sao:SAOUHSC_01089
Q2FZE1,sao:SAOUHSC_01090
Q2FZE0,sao:SAOUHSC_01091
Q2FZD9,sao:SAOUHSC_01092
Q2FZD8,sao:SAOUHSC_01093
Q2FZD7,sao:SAOUHSC_01095
Q2FZD6,sao:SAOUHSC_01096
Q2FZD5,sao:SAOUHSC_01097
Q2FZD4,sao:SAOUHSC_01098
Q2FZD3,sao:SAOUHSC_01099
Q2FZD2,sao:SAOUHSC_01100
Q2FZD1,sao:SAOUHSC_01101
Q2FZD0,sao:SAOUHSC_01102
Q2FZC9,sao:SAOUHSC_01103
Q2FZC8,sao:SAOUHSC_01104
Q2FZC7,sao:SAOUHSC_01105
Q2FZC6,sao:SAOUHSC_01106
Q2FZC5,sao:SAOUHSC_01107
Q2FZC4,sao:SAOUHSC_01108
Q2FZC3,sao:SAOUHSC_01109
Q2FZC2,sao:SAOUHSC_01110
Q2FZC1,sao:SAOUHSC_01111
Q2FZC0,sao:SAOUHSC_01112
Q2FZB9,sao:SAOUHSC_01113
Q2FZB8,sao:SAOUHSC_01114
Q2FZB7,sao:SAOUHSC_01115
Q2FZB6,sao:SAOUHSC_01118
Q2G1X3,sao:SAOUHSC_01119
Q2G1X2,sao:SAOUHSC_A01081
Q2G1X1,sao:SAOUHSC_01120
Q2G1X0,sao:SAOUHSC_01121
Q2G1X4,sao:SAOUHSC_01122
Q2FZB4,sao:SAOUHSC_01123
Q2FZB3,sao:SAOUHSC_01124
Q2FZB2,sao:SAOUHSC_01125
Q2FZB1,sao:SAOUHSC_01127
Q2FZB0,sao:SAOUHSC_01128
Q2FZA9,sao:SAOUHSC_01129
Q2FZA8,sao:SAOUHSC_01130
Q2FZA7,sao:SAOUHSC_01131
Q2FZA6,sao:SAOUHSC_01133
Q2FZA5,sao:SAOUHSC_01134
Q2FZA4,sao:SAOUHSC_01135
Q2FZA3,sao:SAOUHSC_01136
Q2FZA2,sao:SAOUHSC_01137
Q2FZA1,sao:SAOUHSC_01138
Q2FZ98,sao:SAOUHSC_01139
Q2FZ98,sao:SAOUHSC_01141
Q2FZ97,sao:SAOUHSC_01142
P60393,sao:SAOUHSC_01143
O07321,sams:NI36_05725
O07321,sao:SAOUHSC_01144
O07321,saud:CH52_13185
Q2FZ95,sao:SAOUHSC_01144
Q53725,sao:SAOUHSC_01145
Q2FZ94,sao:SAOUHSC_01145
Q2FZ93,sao:SAOUHSC_01146
Q2FZ92,sao:SAOUHSC_01147
Q2FZ91,sao:SAOUHSC_01148
O07325,sao:SAOUHSC_01149
Q2FZ89,sao:SAOUHSC_01150
Q2FZ88,sao:SAOUHSC_01152
Q2FZ87,sao:SAOUHSC_01153
Q2FZ86,sao:SAOUHSC_01154
Q2FZ85,sao:SAOUHSC_01155
Q2FZ84,sao:SAOUHSC_01156
Q2FZ83,sao:SAOUHSC_01158
Q2FZ82,sao:SAOUHSC_01159
Q2FZ81,sao:SAOUHSC_01160
Q2FZ79,sao:SAOUHSC_01162
Q2FZ78,sao:SAOUHSC_01163
Q2FZ77,sao:SAOUHSC_01164
Q2FZ76,sao:SAOUHSC_01165
Q2FZ75,sao:SAOUHSC_01166
Q2FZ74,sao:SAOUHSC_01168
Q2FZ73,sao:SAOUHSC_01169
Q2FZ72,sao:SAOUHSC_01170
Q2FZ71,sao:SAOUHSC_01171
Q2FZ70,sao:SAOUHSC_01172
Q2FZ69,sao:SAOUHSC_01173
Q2G1U2,sao:SAOUHSC_01174
Q2G1U1,sao:SAOUHSC_01175
Q2G1U0,sao:SAOUHSC_01176
Q2G1T9,sao:SAOUHSC_01177
Q2G268,sao:SAOUHSC_01178
Q2G266,sao:SAOUHSC_01179
Q2G264,sao:SAOUHSC_01180
Q2G267,sao:SAOUHSC_01181
Q2G265,sao:SAOUHSC_01182
Q2FZ68,sao:SAOUHSC_01183
Q2FZ67,sao:SAOUHSC_01184
Q2FZ66,sao:SAOUHSC_01185
Q2FZ65,sao:SAOUHSC_01186
Q2FZ64,sao:SAOUHSC_01187
Q2FZ63,sao:SAOUHSC_01188
Q2FZ62,sao:SAOUHSC_01189
Q2FZ61,sao:SAOUHSC_01190
Q2FZ60,sao:SAOUHSC_01191
Q2FZ59,sao:SAOUHSC_01192
Q2FZ58,sao:SAOUHSC_01193
O50581,sao:SAOUHSC_01194
Q2FZ56,sao:SAOUHSC_01196
Q2FZ55,sao:SAOUHSC_01197
Q2FZ54,sao:SAOUHSC_01198
Q2FZ53,sao:SAOUHSC_01199
Q2FZ52,sao:SAOUHSC_01200
Q2FZ51,sao:SAOUHSC_01201
Q2FZ50,sao:SAOUHSC_01203
Q2FZ49,sao:SAOUHSC_01204
Q2FZ48,sao:SAOUHSC_01205
Q2FZ47,sao:SAOUHSC_01206
Q2FZ46,sao:SAOUHSC_01207
Q2FZ45,sao:SAOUHSC_01208
Q2FZ44,sao:SAOUHSC_01209
Q2FZ43,sao:SAOUHSC_01210
Q2FZ42,sao:SAOUHSC_01211
Q2FZ40,sao:SAOUHSC_01213
Q2FZ39,sao:SAOUHSC_01214
Q2FZ38,sao:SAOUHSC_01215
Q2FZ37,sao:SAOUHSC_01216
Q2FZ36,sao:SAOUHSC_01218
Q9ZNI1,sao:SAOUHSC_01219
Q2FZ34,sao:SAOUHSC_01220
Q2FZ33,sao:SAOUHSC_01221
Q2FZ32,sao:SAOUHSC_01222
Q2FZ31,sao:SAOUHSC_01223
Q2FZ30,sao:SAOUHSC_01224
Q2FZ29,sao:SAOUHSC_01225
Q2FZ28,sao:SAOUHSC_01226
Q2FZ27,sao:SAOUHSC_01228
Q2FZ26,sao:SAOUHSC_01230
Q2FZ24,sao:SAOUHSC_01233
Q2FZ23,sao:SAOUHSC_01234
Q2FZ22,sao:SAOUHSC_01235
Q2FZ21,sao:SAOUHSC_01236
Q2G1Z7,sao:SAOUHSC_01237
Q2G1Z6,sao:SAOUHSC_01238
Q2G1Z5,sao:SAOUHSC_01239
Q2G1Z4,sao:SAOUHSC_01240
Q2G1Z8,sao:SAOUHSC_01241
Q2G2D3,sao:SAOUHSC_01242
Q2G2D2,sao:SAOUHSC_01243
Q2G2D1,sao:SAOUHSC_01244
Q2G2C9,sao:SAOUHSC_01245
Q2G2D0,sao:SAOUHSC_01246
Q2G2Q4,sao:SAOUHSC_01247
Q2G2Q3,sao:SAOUHSC_01248
Q2G2Q2,sao:SAOUHSC_01249
Q2G2Q1,sao:SAOUHSC_01250
Q2FZ20,sao:SAOUHSC_01251
Q2FZ19,sao:SAOUHSC_01252
Q2FZ18,sao:SAOUHSC_01253
Q2FZ17,sao:SAOUHSC_01254
Q2FZ16,sao:SAOUHSC_01255
Q2FZ15,sao:SAOUHSC_01256
Q2FZ14,sao:SAOUHSC_01257
Q2FZ13,sao:SAOUHSC_01258
Q2FZ12,sao:SAOUHSC_01259
Q2FZ11,sao:SAOUHSC_01260
Q2FZ10,sao:SAOUHSC_01261
Q2FZ09,sao:SAOUHSC_01262
Q2FZ08,sao:SAOUHSC_01263
Q2FZ07,sao:SAOUHSC_01264
Q2FZ06,sao:SAOUHSC_01265
Q2FZ05,sao:SAOUHSC_01266
Q2FZ04,sao:SAOUHSC_01267
Q2FZ03,sao:SAOUHSC_01268
Q2FZ02,sao:SAOUHSC_01269
Q2FZ01,sao:SAOUHSC_01270
Q2FZ00,sao:SAOUHSC_01271
Q2FYZ9,sao:SAOUHSC_01272
Q93T05,sao:SAOUHSC_01273
Q2FYZ7,sao:SAOUHSC_01274
Q2FYZ6,sao:SAOUHSC_01275
Q2FYZ5,sao:SAOUHSC_01276
Q2FYZ4,sao:SAOUHSC_01278
Q2FYZ3,sao:SAOUHSC_01279
Q2FYZ2,sao:SAOUHSC_01280
Q2FYZ1,sao:SAOUHSC_01281
Q2FYZ0,sao:SAOUHSC_01282
Q2FYY9,sao:SAOUHSC_01283
Q2FYY8,sao:SAOUHSC_01284
Q2FYY7,sao:SAOUHSC_01285
Q2FYY6,sao:SAOUHSC_01287
Q2FYY5,sao:SAOUHSC_01288
Q2FYY4,sao:SAOUHSC_01289
Q2FYY3,sao:SAOUHSC_01290
Q2FYY2,sao:SAOUHSC_01291
Q2FYY1,sao:SAOUHSC_01292
Q2FYY0,sao:SAOUHSC_01293
Q2FYX9,sao:SAOUHSC_01294
Q2FYX8,sao:SAOUHSC_01295
Q2FYX7,sao:SAOUHSC_01296
Q2FYX6,sao:SAOUHSC_01297
Q2FYX5,sao:SAOUHSC_01298
Q2FYX4,sao:SAOUHSC_01299
Q2FYX3,sao:SAOUHSC_01300
Q2FYX2,sao:SAOUHSC_01301
Q2FYW9,sao:SAOUHSC_01304
Q2FYW8,sao:SAOUHSC_01305
Q2FYW7,sao:SAOUHSC_01306
Q2FYW6,sao:SAOUHSC_01307
Q2FYW4,sao:SAOUHSC_01310
Q2FYW3,sao:SAOUHSC_01311
Q2FYW2,sao:SAOUHSC_01312
Q2FYW1,sao:SAOUHSC_01313
Q2FYW0,sao:SAOUHSC_01314
Q2FYV9,sao:SAOUHSC_01315
Q2FYV8,sao:SAOUHSC_01316
Q2FYV7,sao:SAOUHSC_01317
Q2FYV6,sao:SAOUHSC_01318
Q2FYV5,sao:SAOUHSC_01319
Q2FYV4,sao:SAOUHSC_01320
Q2FYV3,sao:SAOUHSC_01321
Q2FYV2,sao:SAOUHSC_01322
Q2FYV1,sao:SAOUHSC_01323
Q2FYV0,sao:SAOUHSC_01324
Q2FYU9,sao:SAOUHSC_01325
Q2FYU8,sao:SAOUHSC_01326
Q2FYU7,sao:SAOUHSC_01327
Q2FYU6,sao:SAOUHSC_01328
Q2FYU5,sao:SAOUHSC_01329
Q2FYU4,sao:SAOUHSC_01330
Q2FYU3,sao:SAOUHSC_01331
Q2FYU2,sao:SAOUHSC_01332
Q2FYU1,sao:SAOUHSC_01333
Q2FYU0,sao:SAOUHSC_01334
Q2FYT9,sao:SAOUHSC_01336
Q2FYT8,sao:SAOUHSC_01337
Q2FYT7,sao:SAOUHSC_01338
Q2FYT6,sao:SAOUHSC_01339
Q2FYT5,sao:SAOUHSC_01340
Q2FYT4,sao:SAOUHSC_01341
Q2FYT0,sao:SAOUHSC_01346
Q2FYS9,sao:SAOUHSC_01347
Q2FYS8,sao:SAOUHSC_01348
Q2FYS7,sao:SAOUHSC_01349
Q2FYS6,sao:SAOUHSC_01350
Q2FYS5,sao:SAOUHSC_01351
Q2FYS4,sao:SAOUHSC_01352
Q2FYS3,sao:SAOUHSC_01353
Q2G2N5,sao:SAOUHSC_01354
Q2G2N4,sao:SAOUHSC_01356
Q2G2N3,sao:SAOUHSC_01357
Q2G2N2,sao:SAOUHSC_01358
Q2G2M2,sao:SAOUHSC_01359
P0A084,sao:SAOUHSC_01360
Q7BHL7,sao:SAOUHSC_01361
Q2G2M0,sao:SAOUHSC_01362
Q2FYS2,sao:SAOUHSC_01363
Q2FYS1,sao:SAOUHSC_01364
Q2FYS0,sao:SAOUHSC_01365
Q2FYR9,sao:SAOUHSC_01366
Q2FYR8,sao:SAOUHSC_01367
Q2FYR7,sao:SAOUHSC_01368
Q2FYR6,sao:SAOUHSC_01369
Q2FYR5,sao:SAOUHSC_01370
Q2FYR4,sao:SAOUHSC_01371
Q2FYR3,sao:SAOUHSC_01372
Q2FYR2,sao:SAOUHSC_01373
Q2FYR1,sao:SAOUHSC_01374
Q2FYR0,sao:SAOUHSC_01375
Q2FYQ9,sao:SAOUHSC_01376
Q2FYQ8,sao:SAOUHSC_01377
Q2FYQ7,sao:SAOUHSC_01378
Q2FYQ6,sao:SAOUHSC_01379
Q2FYQ5,sao:SAOUHSC_01380
Q2FYQ4,sao:SAOUHSC_01381
Q2FYQ3,sao:SAOUHSC_01382
Q2FYQ2,sao:SAOUHSC_01383
Q2FYQ1,sao:SAOUHSC_01384
Q2FYQ0,sao:SAOUHSC_01385
Q2FYP9,sao:SAOUHSC_01386
Q2FYP8,sao:SAOUHSC_01387
Q2FYP7,sao:SAOUHSC_01388
Q2FYP6,sao:SAOUHSC_01389
Q2FYP3,sao:SAOUHSC_01391
Q2FYP2,sao:SAOUHSC_01392
Q2FYP1,sao:SAOUHSC_01394
Q2FYP0,sao:SAOUHSC_01395
Q9EZ12,sao:SAOUHSC_01396
Q9EZ11,sao:SAOUHSC_01397
Q2FYN7,sao:SAOUHSC_01398
Q2FYN6,sao:SAOUHSC_01399
Q9EZ08,sao:SAOUHSC_01400
Q2FYN4,sao:SAOUHSC_01401
Q2FYN3,sao:SAOUHSC_01402
Q2FYN2,sao:SAOUHSC_01403
Q2FYN0,sao:SAOUHSC_01405
Q2FYM9,sao:SAOUHSC_01406
Q2FYM8,sao:SAOUHSC_01407
Q2FYM7,sao:SAOUHSC_01408
Q2FYM4,sao:SAOUHSC_01411
Q2G2J9,sao:SAOUHSC_01412
Q2G2J8,sao:SAOUHSC_01413
Q2G2J7,sao:SAOUHSC_01414
Q2FYM3,sao:SAOUHSC_01415
Q2FYM2,sao:SAOUHSC_01416
Q2FYM1,sao:SAOUHSC_01418
Q9KJN3,sao:SAOUHSC_01419
Q9KJN4,sao:SAOUHSC_01420
Q2FYL8,sao:SAOUHSC_01421
Q2FYL7,sao:SAOUHSC_01422
Q2FYL6,sao:SAOUHSC_01423
Q2FYL5,sao:SAOUHSC_01424
Q2FYL4,sao:SAOUHSC_01425
Q2FYL3,sao:SAOUHSC_01427
Q2FYL1,sao:SAOUHSC_01429
Q2FYL0,sao:SAOUHSC_01430
P0A088,sao:SAOUHSC_01431
P0A086,sao:SAOUHSC_01432
Q2FYK7,sao:SAOUHSC_01433
Q2FYK6,sao:SAOUHSC_01434
Q2FYK5,sao:SAOUHSC_01435
Q2FYK4,sao:SAOUHSC_01436
Q2FYK3,sao:SAOUHSC_01437
Q2FYK2,sao:SAOUHSC_01438
Q2FYK1,sao:SAOUHSC_01439
Q2FYK0,sao:SAOUHSC_01440
Q2FYJ9,sao:SAOUHSC_01441
Q2FYJ7,sao:SAOUHSC_01443
Q2FYJ6,sao:SAOUHSC_01447
Q2FYJ5,sao:SAOUHSC_01448
Q2FYJ4,sao:SAOUHSC_01450
Q2FYJ3,sao:SAOUHSC_01451
Q2FYJ2,sao:SAOUHSC_01452
Q2FYJ1,sao:SAOUHSC_01454
Q2FYJ0,sao:SAOUHSC_01455
Q2FYI9,sao:SAOUHSC_01456
Q2FYI7,sao:SAOUHSC_01459
Q2FYI6,sao:SAOUHSC_01460
Q2FYI5,sao:SAOUHSC_01462
Q2FYI4,sao:SAOUHSC_01463
Q2FYI3,sao:SAOUHSC_01464
Q2FYI1,sao:SAOUHSC_01466
Q2FYI0,sao:SAOUHSC_01467
Q2FYH9,sao:SAOUHSC_01468
Q2FYH8,sao:SAOUHSC_01469
Q2FYH7,sao:SAOUHSC_01470
Q2FYH6,sao:SAOUHSC_01471
Q2FYH5,sao:SAOUHSC_01472
Q2G258,sao:SAOUHSC_01473
Q2G256,sao:SAOUHSC_01474
Q2G255,sao:SAOUHSC_01475
Q2G254,sao:SAOUHSC_01476
Q2G257,sao:SAOUHSC_01477
Q2FYH4,sao:SAOUHSC_01478
Q2FYH3,sao:SAOUHSC_01479
Q2FYH2,sao:SAOUHSC_01480
Q05615,sao:SAOUHSC_01481
Q2FYH0,sao:SAOUHSC_01482
Q2FYG9,sao:SAOUHSC_01483
Q2FYG8,sao:SAOUHSC_01484
Q2FYG7,sao:SAOUHSC_01485
Q2FYG6,sao:SAOUHSC_01486
Q2FYG5,sao:SAOUHSC_01487
Q2FYG4,sao:SAOUHSC_01488
Q2FYG3,sao:SAOUHSC_01489
Q2FYG2,sao:SAOUHSC_01490
Q2FYG1,sao:SAOUHSC_01491
Q2FYG0,sao:SAOUHSC_01492
Q2FYF9,sao:SAOUHSC_01493
Q2FYF8,sao:SAOUHSC_A01436
Q2FYF7,sao:SAOUHSC_01494
Q2FYF6,sao:SAOUHSC_01495
Q2FYF5,sao:SAOUHSC_01496
Q2FYF4,sao:SAOUHSC_01497
Q2FYF3,sao:SAOUHSC_01499
Q2FYF2,sao:SAOUHSC_01500
Q2FYF1,sao:SAOUHSC_01501
Q2FYF0,sao:SAOUHSC_01502
Q2FYE9,sao:SAOUHSC_01503
Q2FYE8,sao:SAOUHSC_01504
Q2FYE7,sao:SAOUHSC_01505
Q2FYE6,sao:SAOUHSC_01507
Q2FYE5,sao:SAOUHSC_01508
Q2FYE4,sao:SAOUHSC_01510
Q2FYE3,sao:SAOUHSC_01511
Q2FYE2,sao:SAOUHSC_01512
Q2FYE1,sao:SAOUHSC_01513
Q2FYE0,sao:SAOUHSC_01514
Q2FYD8,sao:SAOUHSC_01515
Q2FYD7,sao:SAOUHSC_01516
Q2FYD6,sao:SAOUHSC_01517
Q2FYD5,sao:SAOUHSC_01518
Q2FYD4,sao:SAOUHSC_01519
Q2FYD3,sao:SAOUHSC_01520
Q2FYD2,sao:SAOUHSC_01521
Q2FYD1,sao:SAOUHSC_01522
Q2FYD0,sao:SAOUHSC_01523
Q2FYC9,sao:SAOUHSC_01524
Q2FYC8,sao:SAOUHSC_01525
Q2G2K4,sao:SAOUHSC_01526
Q2G2K3,sao:SAOUHSC_01527
Q2G2K2,sao:SAOUHSC_01528
Q2G2K1,sao:SAOUHSC_01529
Q2G2K0,sao:SAOUHSC_01530
Q2G2S5,sao:SAOUHSC_01531
Q2G2S4,sao:SAOUHSC_01532
Q2G2S3,sao:SAOUHSC_01533
Q2G2S2,sao:SAOUHSC_01535
Q2G2S1,sao:SAOUHSC_01536
Q2FYC7,sao:SAOUHSC_01537
Q2FYC6,sao:SAOUHSC_01538
Q2FYC5,sao:SAOUHSC_01539
Q2FYC4,sao:SAOUHSC_01540
Q2FYC3,sao:SAOUHSC_01541
Q2FYC2,sao:SAOUHSC_01542
Q2FYC1,sao:SAOUHSC_01543
Q2FYC0,sao:SAOUHSC_01544
Q2FYB9,sao:SAOUHSC_01545
Q2FYB8,sao:SAOUHSC_01546
Q2FYB7,sao:SAOUHSC_01547
Q2FYB6,sao:SAOUHSC_01548
Q2FYB5,sao:SAOUHSC_01549
Q2FYB4,sao:SAOUHSC_01550
Q2FYB3,sao:SAOUHSC_01551
Q2FYB2,sao:SAOUHSC_01552
Q2FYB1,sao:SAOUHSC_01553
Q2FYA9,sao:SAOUHSC_01555
Q2FYA8,sao:SAOUHSC_01556
Q2FYA7,sao:SAOUHSC_01557
Q2FYA6,sao:SAOUHSC_01558
Q2FYA5,sao:SAOUHSC_01559
Q2FYA4,sao:SAOUHSC_01560
Q2FYA3,sao:SAOUHSC_01561
Q2FYA2,sao:SAOUHSC_01562
Q2FYA1,sao:SAOUHSC_01563
Q2FYA0,sao:SAOUHSC_01565
Q2FY99,sao:SAOUHSC_01566
Q2FY98,sao:SAOUHSC_01567
Q2FY97,sao:SAOUHSC_01568
Q2FY96,sao:SAOUHSC_01569
Q2FY95,sao:SAOUHSC_01570
Q2FY94,sao:SAOUHSC_01571
Q2FY93,sao:SAOUHSC_01572
Q2FY92,sao:SAOUHSC_01573
Q2FY91,sao:SAOUHSC_01574
Q2FY90,sao:SAOUHSC_A01514
Q2FY89,sao:SAOUHSC_01575
Q2FY88,sao:SAOUHSC_01576
Q2FY87,sao:SAOUHSC_01577
Q2FY86,sao:SAOUHSC_01578
Q2FWP4,sao:SAOUHSC_01579
Q2FWP4,sao:SAOUHSC_02237
Q2FY84,sao:SAOUHSC_01580
Q2FY84,sao:SAOUHSC_02238
Q2FY83,sao:SAOUHSC_01582
Q2FY82,sao:SAOUHSC_01583
Q2FY81,sao:SAOUHSC_01584
Q2FY80,sao:SAOUHSC_01585
Q2FY79,sao:SAOUHSC_01586
Q2FY78,sao:SAOUHSC_01587
Q2FY77,sao:SAOUHSC_01588
Q2FY76,sao:SAOUHSC_01589
Q2FY75,sao:SAOUHSC_01590
Q2FY74,sao:SAOUHSC_01591
Q2FY73,sao:SAOUHSC_01592
Q2FY72,sao:SAOUHSC_01593
Q2FY71,sao:SAOUHSC_01594
Q2FY70,sao:SAOUHSC_01595
Q2FY69,sao:SAOUHSC_01596
Q2FY68,sao:SAOUHSC_01597
Q2FY67,sao:SAOUHSC_01598
Q2FY66,sao:SAOUHSC_01599
Q2FY65,sao:SAOUHSC_01600
Q2FY64,sao:SAOUHSC_01601
Q2FY63,sao:SAOUHSC_01602
Q2FY62,sao:SAOUHSC_01603
Q2FY61,sao:SAOUHSC_01604
Q2FY60,sao:SAOUHSC_01605
Q2FY59,sao:SAOUHSC_01606
Q2FY58,sao:SAOUHSC_01607
Q2FY57,sao:SAOUHSC_01608
Q2FY56,sao:SAOUHSC_01609
Q2FY55,sao:SAOUHSC_01610
Q2FY54,sao:SAOUHSC_01611
Q2FY53,sao:SAOUHSC_01612
Q2FY52,sao:SAOUHSC_01613
Q2FY51,sao:SAOUHSC_01614
Q2FY50,sao:SAOUHSC_01615
Q2FY49,sao:SAOUHSC_01617
Q2FY48,sao:SAOUHSC_01618
Q2FY47,sao:SAOUHSC_01619
Q2FY46,sao:SAOUHSC_01620
Q2FY45,sao:SAOUHSC_01621
Q2FY44,sao:SAOUHSC_01622
Q2FY43,sao:SAOUHSC_01623
Q2FY42,sao:SAOUHSC_01624
Q2FY41,sao:SAOUHSC_01625
Q2FY40,sao:SAOUHSC_01626
Q2FY39,sao:SAOUHSC_01627
Q2FY38,sao:SAOUHSC_01628
Q2FY37,sao:SAOUHSC_01629
Q2FY36,sao:SAOUHSC_01630
Q2FY35,sao:SAOUHSC_01632
Q2FY34,sao:SAOUHSC_01633
Q2FY33,sao:SAOUHSC_01634
Q2FY32,sao:SAOUHSC_01635
Q2FY31,sao:SAOUHSC_01636
Q2G2I9,sao:SAOUHSC_01637
Q2G2I8,sao:SAOUHSC_01638
Q2G2I7,sao:SAOUHSC_01639
Q2G2J0,sao:SAOUHSC_01640
Q2G2I6,sao:SAOUHSC_01641
Q2FY30,sao:SAOUHSC_01643
Q2FY29,sao:SAOUHSC_01644
Q2FY28,sao:SAOUHSC_01645
Q2FY27,sao:SAOUHSC_01646
Q2FY26,sao:SAOUHSC_01647
Q2FY23,sao:SAOUHSC_01650
Q2FY22,sao:SAOUHSC_01651
Q2FY21,sao:SAOUHSC_01652
P0A0J3,sao:SAOUHSC_01653
Q2FY19,sao:SAOUHSC_01655
Q2FY18,sao:SAOUHSC_01656
Q2FY17,sao:SAOUHSC_01657
Q2FY16,sao:SAOUHSC_01658
Q2FY15,sao:SAOUHSC_01659
Q2FY14,sao:SAOUHSC_01660
Q2FY13,sao:SAOUHSC_01661
P0A0J0,sao:SAOUHSC_01662
Q2FY11,sao:SAOUHSC_01663
Q2FY10,sao:SAOUHSC_01664
Q2FY09,sao:SAOUHSC_01665
Q2FY08,sao:SAOUHSC_01666
Q2FY07,sao:SAOUHSC_01667
Q2FY06,sao:SAOUHSC_01668
Q2FY04,sao:SAOUHSC_01670
Q2FY03,sao:SAOUHSC_01671
Q2FY02,sao:SAOUHSC_01672
Q2FY01,sao:SAOUHSC_01673
Q2FY00,sao:SAOUHSC_01675
Q2FXZ9,sao:SAOUHSC_01676
Q2FXZ8,sao:SAOUHSC_01677
Q2FXZ7,sao:SAOUHSC_01678
Q2FXZ6,sao:SAOUHSC_01679
Q2FXZ5,sao:SAOUHSC_01680
Q2FXZ4,sao:SAOUHSC_01681
Q2FXZ3,sao:SAOUHSC_01682
Q2FXZ2,sao:SAOUHSC_01683
Q2FXZ1,sao:SAOUHSC_01684
Q2FXZ0,sao:SAOUHSC_01685
Q2FXY9,sao:SAOUHSC_01686
Q2FXY8,sao:SAOUHSC_01687
Q2FXY7,sao:SAOUHSC_01688
Q2FXY6,sao:SAOUHSC_01689
Q2FXY5,sao:SAOUHSC_01690
Q2FXY4,sao:SAOUHSC_01691
Q2G2A1,sao:SAOUHSC_01692
Q2G299,sao:SAOUHSC_01693
Q2G2A0,sao:SAOUHSC_01694
Q2G298,sao:SAOUHSC_01695
Q2G297,sao:SAOUHSC_01696
Q2FXY3,sao:SAOUHSC_01697
Q2FXY2,sao:SAOUHSC_01698
Q2FXY1,sao:SAOUHSC_01699
Q2FXY0,sao:SAOUHSC_01700
Q2FXX9,sao:SAOUHSC_01701
Q2FXX8,sao:SAOUHSC_01702
Q2FXX6,sao:SAOUHSC_01704
Q2FXX5,sao:SAOUHSC_01705
Q2FXX4,sao:SAOUHSC_01706
Q2FXX3,sao:SAOUHSC_01707
Q2FXX2,sao:SAOUHSC_01708
Q2FXX1,sao:SAOUHSC_01709
Q2FXX0,sao:SAOUHSC_01710
Q2FXW9,sao:SAOUHSC_01711
Q2FXW8,sao:SAOUHSC_01712
Q2FXW7,sao:SAOUHSC_01714
Q2FXW6,sao:SAOUHSC_01715
Q2FXW5,sao:SAOUHSC_01716
Q2FXW4,sao:SAOUHSC_01717
Q2FXW3,sao:SAOUHSC_01718
Q2FXW2,sao:SAOUHSC_01719
Q2FXW1,sao:SAOUHSC_01720
Q2FXW0,sao:SAOUHSC_01721
Q2FXV9,sao:SAOUHSC_01722
Q2FXV8,sao:SAOUHSC_01723
Q2FXV7,sao:SAOUHSC_01724
Q2FXV4,sao:SAOUHSC_01727
Q2FXV3,sao:SAOUHSC_01728
Q2FXV2,sao:SAOUHSC_01729
Q2FXV1,sao:SAOUHSC_01730
Q2FXU8,sao:SAOUHSC_01734
Q2FXU7,sao:SAOUHSC_01735
Q2FXU6,sao:SAOUHSC_01736
Q2FXU5,sao:SAOUHSC_01737
Q2FXU4,sao:SAOUHSC_01738
Q2FXU3,sao:SAOUHSC_01739
Q2FXU2,sao:SAOUHSC_01741
Q2FXU1,sao:SAOUHSC_01742
Q2FXU0,sao:SAOUHSC_01743
Q2FXT9,sao:SAOUHSC_01744
Q2FXT8,sao:SAOUHSC_01746
Q2FXT7,sao:SAOUHSC_01747
Q2FXT6,sao:SAOUHSC_01748
Q2FXT5,sao:SAOUHSC_01749
Q2FXT4,sao:SAOUHSC_01750
Q2FXT3,sao:SAOUHSC_01751
Q2FXT2,sao:SAOUHSC_01752
Q2FXT1,sao:SAOUHSC_01753
Q2FXT0,sao:SAOUHSC_01755
Q2FXS9,sao:SAOUHSC_01756
Q2FXS8,sao:SAOUHSC_01757
Q2FXS7,sao:SAOUHSC_01758
Q2FXS6,sao:SAOUHSC_01759
Q2FXS5,sao:SAOUHSC_01760
Q2FXS4,sao:SAOUHSC_01761
Q2FXS3,sao:SAOUHSC_01762
P31337,sao:SAOUHSC_01763
Q2FXS1,sao:SAOUHSC_01764
Q2FXS0,sao:SAOUHSC_01765
Q2FXR9,sao:SAOUHSC_01766
Q2FXR8,sao:SAOUHSC_01767
Q2FXR7,sao:SAOUHSC_01768
Q2FXR6,sao:SAOUHSC_01769
Q2FXR5,sao:SAOUHSC_01770
Q2FXR4,sao:SAOUHSC_01771
Q2FXR3,sao:SAOUHSC_01772
Q2FXR2,sao:SAOUHSC_01773
O34090,sao:SAOUHSC_01774
Q2FXR0,sao:SAOUHSC_01775
Q2FXQ9,sao:SAOUHSC_01776
Q2FXQ8,sao:SAOUHSC_01777
Q2FXQ7,sao:SAOUHSC_01778
Q2FXQ6,sao:SAOUHSC_01779
Q2FXQ5,sao:SAOUHSC_01780
Q2FXQ4,sao:SAOUHSC_01781
Q2FXQ3,sao:SAOUHSC_01782
Q2FXQ2,sao:SAOUHSC_01783
Q2FXQ1,sao:SAOUHSC_01784
Q2FXQ0,sao:SAOUHSC_01785
Q2FXP9,sao:SAOUHSC_01786
Q2FXP8,sao:SAOUHSC_01787
Q2FXP7,sao:SAOUHSC_01788
Q2FXP6,sao:SAOUHSC_01789
Q3ZUA6,sams:NI36_09015
Q3ZUA6,sao:SAOUHSC_01791
Q3ZUA6,saud:CH52_10685
Q2FXP5,sao:SAOUHSC_01791
Q3ZUA7,sao:SAOUHSC_01792
Q2FXP4,sao:SAOUHSC_01792
Q3ZUA8,sams:NI36_09025
Q3ZUA8,sao:SAOUHSC_01793
Q3ZUA8,saud:CH52_10675
Q2FXP3,sao:SAOUHSC_01793
Q2FXP2,sao:SAOUHSC_01794
Q2FXP1,sao:SAOUHSC_01795
Q2FXP0,sao:SAOUHSC_01796
Q2FXN9,sao:SAOUHSC_01797
Q2FXN8,sao:SAOUHSC_01798
Q2FXN7,sao:SAOUHSC_01799
Q2FXN6,sao:SAOUHSC_01800
Q2FXN4,sao:SAOUHSC_01801
Q2FXN3,sao:SAOUHSC_01802
Q2FXN2,sao:SAOUHSC_01803
Q2FXM9,sao:SAOUHSC_01806
Q2FXM8,sao:SAOUHSC_01807
Q2FXM7,sao:SAOUHSC_01808
Q2FXM6,sao:SAOUHSC_01809
Q2FXM5,sao:SAOUHSC_01810
Q9F1K0,sao:SAOUHSC_01811
Q2FXM3,sao:SAOUHSC_01812
Q2FXM2,sao:SAOUHSC_01813
Q2FXM1,sao:SAOUHSC_01814
Q2FXM0,sao:SAOUHSC_01815
Q2FXL9,sao:SAOUHSC_01816
Q2FXL8,sao:SAOUHSC_01817
Q2FXL7,sao:SAOUHSC_01818
Q2FXL6,sao:SAOUHSC_01819
Q2FXL5,sao:SAOUHSC_01820
Q2FXL4,sao:SAOUHSC_01821
Q2FXL3,sao:SAOUHSC_01822
Q2FXL2,sao:SAOUHSC_01823
Q2FXL1,sao:SAOUHSC_01824
Q2FXL0,sao:SAOUHSC_01825
Q2FXK9,sao:SAOUHSC_01826
Q2FXK8,sao:SAOUHSC_01827
Q2FXK7,sao:SAOUHSC_01828
Q2FXK6,sao:SAOUHSC_01829
Q2FXK4,sao:SAOUHSC_01830
Q2FXK3,sao:SAOUHSC_01831
Q2FXK2,sao:SAOUHSC_01832
Q2FXK1,sao:SAOUHSC_01833
Q2FXK0,sao:SAOUHSC_01834
Q2FXJ9,sao:SAOUHSC_01835
Q2FXJ8,sao:SAOUHSC_01836
Q2FXJ7,sao:SAOUHSC_01837
Q2FXJ6,sao:SAOUHSC_01838
Q2FXJ5,sao:SAOUHSC_01839
Q2FXJ4,sao:SAOUHSC_01840
Q2FXJ3,sao:SAOUHSC_01841
Q2FXJ2,sao:SAOUHSC_01843
Q2FXJ1,sao:SAOUHSC_01844
Q2G296,sao:SAOUHSC_01845
Q2G294,sao:SAOUHSC_01846
Q2G293,sao:SAOUHSC_01847
Q2G292,sao:SAOUHSC_01849
Q2G295,sao:SAOUHSC_01850
Q2G291,sao:SAOUHSC_01851
Q2G248,sao:SAOUHSC_01852
Q2G246,sao:SAOUHSC_01853
Q2G245,sao:SAOUHSC_01854
Q2G247,sao:SAOUHSC_01855
Q2FXJ0,sao:SAOUHSC_01856
Q2FXI9,sao:SAOUHSC_01857
Q2FXI8,sao:SAOUHSC_01858
Q2FXI7,sao:SAOUHSC_01859
Q2FXI6,sao:SAOUHSC_01860
Q2FXI5,sao:SAOUHSC_01861
Q2FXI4,sao:SAOUHSC_01863
Q2FXI3,sao:SAOUHSC_01864
Q2FXI2,sao:SAOUHSC_01865
Q2FXI1,sao:SAOUHSC_01866
Q2FXI0,sao:SAOUHSC_01867
Q2FXH9,sao:SAOUHSC_01868
Q2FXH8,sao:SAOUHSC_01869
Q2FXH7,sao:SAOUHSC_01870
Q2FXH6,sao:SAOUHSC_01871
Q2FXH5,sao:SAOUHSC_01872
Q2FXH4,sao:SAOUHSC_01873
Q2FXH3,sao:SAOUHSC_01874
Q2FXH2,sao:SAOUHSC_01875
Q2FXH1,sao:SAOUHSC_01876
Q2FXH0,sao:SAOUHSC_01877
Q2FXG9,sao:SAOUHSC_01878
Q9RFJ6,sao:SAOUHSC_01879
Q2FXG5,sao:SAOUHSC_01882
Q2FXG4,sao:SAOUHSC_01883
Q2FXG3,sao:SAOUHSC_01884
Q2FXG2,sao:SAOUHSC_01886
Q2FXG1,sao:SAOUHSC_01887
Q2FXG0,sao:SAOUHSC_01888
Q2FXF9,sao:SAOUHSC_01889
Q2FXF8,sao:SAOUHSC_01890
Q2FXF7,sao:SAOUHSC_01891
Q2FXF6,sao:SAOUHSC_01893
Q2FXF5,sao:SAOUHSC_01894
Q2FXF4,sao:SAOUHSC_01895
Q2FXF3,sao:SAOUHSC_01896
Q2FXF2,sao:SAOUHSC_01897
Q2FXF1,sao:SAOUHSC_01898
Q2FXF0,sao:SAOUHSC_01899
Q2FXE9,sao:SAOUHSC_01900
Q2FXE8,sao:SAOUHSC_01901
Q2FXE7,sao:SAOUHSC_01902
Q2FXE6,sao:SAOUHSC_01903
Q2FXE5,sao:SAOUHSC_01904
Q2FXE2,sao:SAOUHSC_01907
Q2G1W5,sao:SAOUHSC_01908
Q2G1W4,sao:SAOUHSC_01909
Q2G1W2,sao:SAOUHSC_01910
Q2G1W3,sao:SAOUHSC_01911
Q2G2V6,sao:SAOUHSC_01912
Q2G2V5,sao:SAOUHSC_01913
Q2G2V4,sao:SAOUHSC_01914
Q2G2V2,sao:SAOUHSC_01915
Q2G2V3,sao:SAOUHSC_01916
Q2G2Y6,sao:SAOUHSC_01917
Q2G2Y4,sao:SAOUHSC_01918
Q2G2Y3,sao:SAOUHSC_01919
Q2G2Y5,sao:SAOUHSC_01920
Q2G2Y2,sao:SAOUHSC_01921
Q2FXE1,sao:SAOUHSC_01922
Q2FXE0,sao:SAOUHSC_01923
Q2FXD9,sao:SAOUHSC_01924
Q2FXD8,sao:SAOUHSC_01925
Q2FXD7,sao:SAOUHSC_01926
Q2FXD5,sao:SAOUHSC_01928
Q2FXD4,sao:SAOUHSC_01929
Q2FXD3,sao:SAOUHSC_01930
Q2FXD2,sao:SAOUHSC_01931
Q2FXD1,sao:SAOUHSC_01932
Q2FXD0,sao:SAOUHSC_01933
Q2FXC9,sao:SAOUHSC_01934
Q2FXC8,sao:SAOUHSC_01935
Q2FXC7,sao:SAOUHSC_01936
Q2FXC6,sao:SAOUHSC_01937
Q2FXC5,sao:SAOUHSC_01938
Q2FXC4,sao:SAOUHSC_01939
Q2FXC3,sao:SAOUHSC_01941
Q2FXC2,sao:SAOUHSC_01942
Q2FXC0,sao:SAOUHSC_01944
Q2FXB9,sao:SAOUHSC_01945
Q2FXB8,sao:SAOUHSC_01947
Q2FXB7,sao:SAOUHSC_01948
Q2FXB6,sao:SAOUHSC_01949
Q2FXB5,sao:SAOUHSC_01950
Q2FXB4,sao:SAOUHSC_01951
Q2FXB3,sao:SAOUHSC_01952
Q2FXB2,sao:SAOUHSC_01953
Q2FXB1,sao:SAOUHSC_01954
Q2FXB0,sao:SAOUHSC_01955
Q2FXA9,sao:SAOUHSC_01956
Q2FXA8,sao:SAOUHSC_01957
Q2FXA7,sao:SAOUHSC_01958
Q2FXA5,sao:SAOUHSC_01960
Q2FXA4,sao:SAOUHSC_01961
Q2FXA3,sao:SAOUHSC_01962
Q2FXA2,sao:SAOUHSC_01963
Q2G2F3,sao:SAOUHSC_01964
Q2G2F2,sao:SAOUHSC_01966
Q2G2F1,sao:SAOUHSC_01967
Q2G2F0,sao:SAOUHSC_01968
Q2G2T0,sao:SAOUHSC_01969
Q2G2S9,sao:SAOUHSC_01971
Q2G2S6,sao:SAOUHSC_01972
Q53606,sams:NI36_09825
Q53606,sao:SAOUHSC_01973
Q53606,saud:CH52_09870
Q2G2T1,sao:SAOUHSC_01973
Q2G2S8,sao:SAOUHSC_01974
Q2G2S7,sao:SAOUHSC_01975
Q2FXA1,sao:SAOUHSC_01976
Q2FXA0,sao:SAOUHSC_01977
Q2FX99,sao:SAOUHSC_01978
Q2FX98,sao:SAOUHSC_01979
Q2FX97,sao:SAOUHSC_01980
Q2FX96,sao:SAOUHSC_01981
Q2FX95,sao:SAOUHSC_01982
Q2FX94,sao:SAOUHSC_01983
Q2FX93,sao:SAOUHSC_01984
Q2FX92,sao:SAOUHSC_01985
Q2FX91,sao:SAOUHSC_01986
Q2FX90,sao:SAOUHSC_01987
Q2FX89,sao:SAOUHSC_01988
Q2FX88,sao:SAOUHSC_01989
Q2FX87,sao:SAOUHSC_01990
Q2FX86,sao:SAOUHSC_01991
Q2FX85,sao:SAOUHSC_01992
Q2G282,sao:SAOUHSC_01997
Q2G281,sao:SAOUHSC_01998
Q2G280,sao:SAOUHSC_01999
Q2G283,sao:SAOUHSC_02000
Q2G2N1,sao:SAOUHSC_02001
Q2G2N0,sao:SAOUHSC_02002
Q2G2M9,sao:SAOUHSC_02003
Q2G2M8,sao:SAOUHSC_02004
Q2G2W0,sao:SAOUHSC_02005
Q2G2V9,sao:SAOUHSC_02006
Q2G2V7,sao:SAOUHSC_02008
Q2G2H3,sao:SAOUHSC_02009
Q2G2H0,sao:SAOUHSC_02010
Q2G2G9,sao:SAOUHSC_02011
Q93Q23,sao:SAOUHSC_02012
P0A0K3,sao:SAOUHSC_02013
Q2G2H1,sao:SAOUHSC_02014
Q2FX81,sao:SAOUHSC_02015
Q2FX80,sao:SAOUHSC_02016
Q2FX79,sao:SAOUHSC_02017
Q2FX78,sao:SAOUHSC_02018
Q2FX77,sao:SAOUHSC_02019
Q2FX76,sao:SAOUHSC_02020
Q2FX75,sao:SAOUHSC_02021
Q2FX74,sao:SAOUHSC_02022
Q2FX73,sao:SAOUHSC_02023
Q2FX72,sao:SAOUHSC_02025
Q2FX71,sao:SAOUHSC_02026
Q2FX70,sao:SAOUHSC_02027
Q2FX69,sao:SAOUHSC_02028
Q2FX68,sao:SAOUHSC_02029
Q2FX67,sao:SAOUHSC_02030
Q2FX66,sao:SAOUHSC_02031
Q2FX65,sao:SAOUHSC_02033
Q2FX64,sao:SAOUHSC_02034
Q2FX63,sao:SAOUHSC_02035
Q2FX62,sao:SAOUHSC_02036
Q2FX61,sao:SAOUHSC_02037
Q2FX60,sao:SAOUHSC_02038
Q2FX59,sao:SAOUHSC_02040
Q2FX58,sao:SAOUHSC_02041
Q2FX57,sao:SAOUHSC_02042
Q2FX56,sao:SAOUHSC_02043
Q2FX55,sao:SAOUHSC_02044
Q2FX54,sao:SAOUHSC_02046
Q2FX53,sao:SAOUHSC_02047
Q2FX52,sao:SAOUHSC_02048
Q2FX51,sao:SAOUHSC_02049
Q2FX50,sao:SAOUHSC_02050
Q2FX49,sao:SAOUHSC_02051
Q2FX48,sao:SAOUHSC_02052
Q2FX47,sao:SAOUHSC_02053
Q2FX46,sao:SAOUHSC_02054
Q2FX45,sao:SAOUHSC_02055
Q2FX44,sao:SAOUHSC_02056
Q2FX43,sao:SAOUHSC_02057
Q2FX42,sao:SAOUHSC_02058
Q2FX41,sao:SAOUHSC_02059
Q2FX40,sao:SAOUHSC_02060
Q2FX39,sao:SAOUHSC_02061
Q2FX38,sao:SAOUHSC_02062
Q2FX37,sao:SAOUHSC_02063
Q2FX36,sao:SAOUHSC_02064
Q2FX35,sao:SAOUHSC_02065
Q2FUP8,sao:SAOUHSC_02066
Q2FUP7,sao:SAOUHSC_02067
Q2FUP9,sao:SAOUHSC_02068
Q2FUP6,sao:SAOUHSC_02069
Q2FUP5,sao:SAOUHSC_02070
Q2FX34,sao:SAOUHSC_02071
Q2FX33,sao:SAOUHSC_02072
Q2FX32,sao:SAOUHSC_02073
Q2FX31,sao:SAOUHSC_02074
Q2FX29,sao:SAOUHSC_02076
Q2FX29,sao:SAOUHSC_02224
Q2FX28,sao:SAOUHSC_02077
Q2FX27,sao:SAOUHSC_02078
Q2FX26,sao:SAOUHSC_02079
Q2FX25,sao:SAOUHSC_02080
Q2FX24,sao:SAOUHSC_02081
Q2FX23,sao:SAOUHSC_02083
Q2FX22,sao:SAOUHSC_02084
Q2FX21,sao:SAOUHSC_02085
Q2FX20,sao:SAOUHSC_02086
Q2FX19,sao:SAOUHSC_02087
Q2FX18,sao:SAOUHSC_02088
Q2FX17,sao:SAOUHSC_02089
Q2FX16,sao:SAOUHSC_02090
Q2FX15,sao:SAOUHSC_02091
Q2FX14,sao:SAOUHSC_02092
Q2FX13,sao:SAOUHSC_02093
Q2FX12,sao:SAOUHSC_02095
Q2FX11,sao:SAOUHSC_02096
Q2FX10,sao:SAOUHSC_02097
Q2FX09,sao:SAOUHSC_02098
Q2FX08,sao:SAOUHSC_02099
Q2FX07,sao:SAOUHSC_02100
Q2FX06,sao:SAOUHSC_02101
Q2FX05,sao:SAOUHSC_02102
Q2FX03,sao:SAOUHSC_02103
Q2FX02,sao:SAOUHSC_02104
Q2FX01,sao:SAOUHSC_02105
Q2FX00,sao:SAOUHSC_02106
Q2FWZ9,sao:SAOUHSC_02107
Q2FWZ8,sao:SAOUHSC_02108
Q2FWZ7,sao:SAOUHSC_02109
Q2FWZ6,sao:SAOUHSC_02110
Q2FWZ5,sao:SAOUHSC_02111
Q2FWZ4,sao:SAOUHSC_02112
Q2FWZ3,sao:SAOUHSC_02113
Q2FWZ2,sao:SAOUHSC_02114
Q2FWZ1,sao:SAOUHSC_02115
Q2FWZ0,sao:SAOUHSC_02116
Q2FWY9,sao:SAOUHSC_02117
Q2FWY8,sao:SAOUHSC_02118
Q2FWY7,sao:SAOUHSC_02119
Q2FWY6,sao:SAOUHSC_02121
Q2G1Y0,sao:SAOUHSC_02122
Q53727,sao:SAOUHSC_02123
Q53726,sao:SAOUHSC_02124
Q2G1Y1,sao:SAOUHSC_02125
Q2G2S0,sao:SAOUHSC_02126
Q2G2R8,sao:SAOUHSC_02127
Q2G2R7,sao:SAOUHSC_02129
Q2G2R6,sao:SAOUHSC_02130
Q2G2R9,sao:SAOUHSC_02131
Q2G236,sao:SAOUHSC_02132
Q2G235,sao:SAOUHSC_02133
Q2G234,sao:SAOUHSC_02134
Q2G233,sao:SAOUHSC_02135
Q2FWY5,sao:SAOUHSC_02136
Q2FWY4,sao:SAOUHSC_02137
Q2FWY3,sao:SAOUHSC_02138
Q2FWY2,sao:SAOUHSC_02139
Q2FWY1,sao:SAOUHSC_02140
Q2FWY0,sao:SAOUHSC_02141
Q2FWX9,sao:SAOUHSC_02142
Q2FWX8,sao:SAOUHSC_02143
Q2FWX7,sao:SAOUHSC_02144
Q2FWX6,sao:SAOUHSC_02145
Q2FWX5,sao:SAOUHSC_02146
Q2FWX4,sao:SAOUHSC_02147
Q2FWX3,sao:SAOUHSC_02148
Q2FWX2,sao:SAOUHSC_02149
Q2FWX1,sao:SAOUHSC_02150
Q2FWX0,sao:SAOUHSC_02151
Q2FWW9,sao:SAOUHSC_02152
Q2FWW8,sao:SAOUHSC_02153
Q2FWW7,sao:SAOUHSC_02154
Q2FWW6,sao:SAOUHSC_02155
Q2FWW5,sao:SAOUHSC_02156
Q2FWW4,sao:SAOUHSC_02157
Q2FWW3,sao:SAOUHSC_02158
Q2FWW2,sao:SAOUHSC_02160
Q2FWW1,sao:SAOUHSC_02161
Q2FWV9,sao:SAOUHSC_02164
Q2FWV7,sao:SAOUHSC_02166
Q2FWV6,sao:SAOUHSC_02167
Q2FWV5,sao:SAOUHSC_02169
Q2FWV4,sao:SAOUHSC_02170
Q2FWV3,sao:SAOUHSC_02171
Q2FWV2,sao:SAOUHSC_02173
Q2FWV1,sao:SAOUHSC_02174
Q2FWV0,sao:SAOUHSC_02175
Q2FWU9,sao:SAOUHSC_02176
Q2FWU8,sao:SAOUHSC_02177
Q2FWU7,sao:SAOUHSC_02178
Q2FWU6,sao:SAOUHSC_02179
Q2FWU5,sao:SAOUHSC_02180
Q2FWU4,sao:SAOUHSC_02181
Q2FWU3,sao:SAOUHSC_02182
Q2FWU2,sao:SAOUHSC_02183
Q2FWU1,sao:SAOUHSC_02184
Q2FWU0,sao:SAOUHSC_02185
Q2FWT9,sao:SAOUHSC_02186
Q2FWT8,sao:SAOUHSC_02187
Q2FWT7,sao:SAOUHSC_02188
Q2FWT6,sao:SAOUHSC_02189
Q2G1W9,sao:SAOUHSC_02190
Q2G1W8,sao:SAOUHSC_02191
Q2G1W7,sao:SAOUHSC_02193
Q2G1W6,sao:SAOUHSC_02194
Q2FWT5,sao:SAOUHSC_02195
Q2FWT4,sao:SAOUHSC_02196
Q2FWT3,sao:SAOUHSC_02197
Q2FWT2,sao:SAOUHSC_02198
Q2FWT1,sao:SAOUHSC_02199
Q2FWT0,sao:SAOUHSC_02200
Q2FWS8,sao:SAOUHSC_02202
Q2FWS7,sao:SAOUHSC_02203
Q2FWS6,sao:SAOUHSC_02204
Q2FWS5,sao:SAOUHSC_02205
Q2FWS4,sao:SAOUHSC_02206
Q2FWS3,sao:SAOUHSC_02207
Q2FWS2,sao:SAOUHSC_02208
Q2FWS1,sao:SAOUHSC_02209
Q2FWS0,sao:SAOUHSC_02210
Q2FWR9,sao:SAOUHSC_02211
Q2FWR8,sao:SAOUHSC_02212
Q2FWR7,sao:SAOUHSC_02213
Q2FWR6,sao:SAOUHSC_02214
Q2FWR5,sao:SAOUHSC_02215
Q2FWR4,sao:SAOUHSC_02216
Q2FWR3,sao:SAOUHSC_02217
Q2FWR2,sao:SAOUHSC_02218
Q2FWR1,sao:SAOUHSC_02219
Q2FWR0,sao:SAOUHSC_02220
Q2FWQ9,sao:SAOUHSC_02221
Q2FWQ8,sao:SAOUHSC_02222
Q2FWQ7,sao:SAOUHSC_02223
Q2FWQ5,sao:SAOUHSC_02225
Q2FWQ4,sao:SAOUHSC_02226
Q2FWQ3,sao:SAOUHSC_02227
Q2FWQ2,sao:SAOUHSC_02228
Q2FWP9,sao:SAOUHSC_02232
Q2FWP8,sao:SAOUHSC_02233
Q2FWP7,sao:SAOUHSC_02234
Q2FWP6,sao:SAOUHSC_02235
Q2FWP5,sao:SAOUHSC_02236
Q2FWP2,sao:SAOUHSC_02239
Q2FWP0,sao:SAOUHSC_02241
Q2FWN9,sao:SAOUHSC_02243
Q2FWN8,sao:SAOUHSC_02244
Q2FWN7,sao:SAOUHSC_02245
Q2FWN6,sao:SAOUHSC_02246
Q2FWN5,sao:SAOUHSC_02247
Q2G2N9,sao:SAOUHSC_02248
Q2G2N8,sao:SAOUHSC_02249
Q2G2N7,sao:SAOUHSC_02250
Q2G2N6,sao:SAOUHSC_02251
Q2FWN4,sao:SAOUHSC_02254
Q2FWN3,sao:SAOUHSC_02255
Q2FWN2,sao:SAOUHSC_02256
Q2FWN1,sao:SAOUHSC_02257
Q2FWN0,sao:SAOUHSC_02258
Q2FWM9,sao:SAOUHSC_02259
Q2FWM8,sao:SAOUHSC_02260
Q2FWM7,sao:SAOUHSC_02261
Q2FWM6,sao:SAOUHSC_02262
Q2FWM5,sao:SAOUHSC_02264
Q2FWM4,sao:SAOUHSC_02265
Q2FWM3,sao:SAOUHSC_02266
Q2FWM2,sao:SAOUHSC_02267
Q2FWM1,sao:SAOUHSC_02268
Q2FWM0,sao:SAOUHSC_02269
Q2FWL9,sao:SAOUHSC_02270
Q2FWL8,sao:SAOUHSC_02271
Q2FWL7,sao:SAOUHSC_02272
Q2FWL6,sao:SAOUHSC_02273
Q2FWL5,sao:SAOUHSC_02274
Q2FWL4,sao:SAOUHSC_02275
Q2FWL3,sao:SAOUHSC_02276
Q2FWL2,sao:SAOUHSC_02277
Q2FWL1,sao:SAOUHSC_02278
Q2FWL0,sao:SAOUHSC_02279
Q2FWK9,sao:SAOUHSC_02280
Q2FWK8,sao:SAOUHSC_A02169
Q2FWK7,sao:SAOUHSC_02281
Q2FWK6,sao:SAOUHSC_02282
Q2FWK5,sao:SAOUHSC_02283
Q2FWK4,sao:SAOUHSC_02284
Q2FWK3,sao:SAOUHSC_02285
Q2FWK2,sao:SAOUHSC_02286
Q2FWK1,sao:SAOUHSC_02287
Q2FWK0,sao:SAOUHSC_02288
Q2FWJ9,sao:SAOUHSC_02289
Q2FWJ7,sao:SAOUHSC_02294
Q2FWJ6,sao:SAOUHSC_02296
Q2FWJ5,sao:SAOUHSC_02297
Q2FWJ4,sao:SAOUHSC_02298
Q2FWJ3,sao:SAOUHSC_02299
P60070,sao:SAOUHSC_02300
Q2FWI9,sao:SAOUHSC_A02189
Q2FWI8,sao:SAOUHSC_02303
Q2FWI7,sao:SAOUHSC_02304
Q9ZAH5,sao:SAOUHSC_02305
Q9ZAH6,sao:SAOUHSC_02306
Q2FWI4,sao:SAOUHSC_02307
Q2FWI3,sao:SAOUHSC_02308
Q2FWI2,sao:SAOUHSC_02309
Q2FWI1,sao:SAOUHSC_02310
Q2FWI0,sao:SAOUHSC_02311
Q2FWH9,sao:SAOUHSC_02312
Q2FWH8,sao:SAOUHSC_02313
Q2FWH7,sao:SAOUHSC_02314
Q2FWH6,sao:SAOUHSC_02315
Q2FWH5,sao:SAOUHSC_02316
Q2FWH4,sao:SAOUHSC_02317
Q2FWH3,sao:SAOUHSC_02318
Q2FWH2,sao:SAOUHSC_02319
Q2FWH1,sao:SAOUHSC_02320
Q2FWH0,sao:SAOUHSC_02321
Q2FWG9,sao:SAOUHSC_02322
Q2FWG8,sao:SAOUHSC_02323
Q2FWG7,sao:SAOUHSC_02324
Q2FWG6,sao:SAOUHSC_02325
Q2FWG5,sao:SAOUHSC_02326
Q2FWG4,sao:SAOUHSC_02327
Q2FWG3,sao:SAOUHSC_02328
Q2FWG2,sao:SAOUHSC_02329
Q2FWG1,sao:SAOUHSC_02330
Q2FWG0,sao:SAOUHSC_02331
Q2FWF9,sao:SAOUHSC_02332
Q2FWF8,sao:SAOUHSC_02333
Q2FWF7,sao:SAOUHSC_02334
Q2FWF6,sao:SAOUHSC_02335
Q2FWF5,sao:SAOUHSC_02336
Q2FWF4,sao:SAOUHSC_02337
Q2FWF3,sao:SAOUHSC_02338
Q2FWF2,sao:SAOUHSC_02339
Q2FWF1,sao:SAOUHSC_02340
Q2FWF0,sao:SAOUHSC_02341
Q2FWE9,sao:SAOUHSC_02343
Q2FWE8,sao:SAOUHSC_02345
Q2FWE7,sao:SAOUHSC_02346
Q2G2F8,sao:SAOUHSC_02347
Q2G2F6,sao:SAOUHSC_02349
Q2G2F4,sao:SAOUHSC_02350
Q2G2F7,sao:SAOUHSC_02351
Q2G2F5,sao:SAOUHSC_02352
Q2FWE6,sao:SAOUHSC_02353
Q2FWE5,sao:SAOUHSC_02354
Q2FWE4,sao:SAOUHSC_02355
Q2FWE3,sao:SAOUHSC_02356
Q2FWE2,sao:SAOUHSC_02357
Q2FWE1,sao:SAOUHSC_02358
Q2FWE0,sao:SAOUHSC_02359
Q2FWD9,sao:SAOUHSC_02360
Q2FWD8,sao:SAOUHSC_02361
Q2FWD7,sao:SAOUHSC_02362
Q2FWD6,sao:SAOUHSC_02363
Q2FWD5,sao:SAOUHSC_02364
Q2FWD4,sao:SAOUHSC_02365
Q2FWD3,sao:SAOUHSC_02366
Q2FWD2,sao:SAOUHSC_02367
Q2FWD1,sao:SAOUHSC_02368
Q2FWD0,sao:SAOUHSC_02369
Q2FWC9,sao:SAOUHSC_02370
Q2FWC7,sao:SAOUHSC_02371
Q2FWC6,sao:SAOUHSC_02372
Q2FWC5,sao:SAOUHSC_02373
Q2FWC4,sao:SAOUHSC_02374
Q2FWC3,sao:SAOUHSC_02375
Q2FWC2,sao:SAOUHSC_02376
Q2FWC1,sao:SAOUHSC_02377
Q2FWC0,sao:SAOUHSC_02378
Q2FWB9,sao:SAOUHSC_02379
Q2FWB8,sao:SAOUHSC_02380
Q2FWB7,sao:SAOUHSC_02381
Q2FWB6,sao:SAOUHSC_02382
Q2FWB5,sao:SAOUHSC_02383
Q2FWB4,sao:SAOUHSC_02384
Q2FWB3,sao:SAOUHSC_02385
Q2FWB2,sao:SAOUHSC_02386
Q2FWB1,sao:SAOUHSC_02387
Q2FWB0,sao:SAOUHSC_02388
Q2FWA9,sao:SAOUHSC_02389
Q2FWA8,sao:SAOUHSC_02390
Q2FWA7,sao:SAOUHSC_02391
Q2FWA5,sao:SAOUHSC_02393
Q2FWA4,sao:SAOUHSC_02394
Q2FWA2,sao:SAOUHSC_02396
Q2FWA1,sao:SAOUHSC_02397
Q2FWA0,sao:SAOUHSC_02399
Q2FW99,sao:SAOUHSC_02400
Q2FW98,sao:SAOUHSC_02401
Q2FW97,sao:SAOUHSC_02402
Q2FW96,sao:SAOUHSC_02403
Q2FW95,sao:SAOUHSC_02404
P0C0V7,sao:SAOUHSC_02405
Q9ZAI5,sao:SAOUHSC_02406
Q9ZAI5,saud:CH52_08175
Q2FW93,sao:SAOUHSC_02406
Q2FW92,sao:SAOUHSC_02407
Q2FW91,sao:SAOUHSC_02409
Q2FW89,sao:SAOUHSC_02411
Q2FW88,sao:SAOUHSC_02412
Q2FW87,sao:SAOUHSC_02416
Q2FW85,sao:SAOUHSC_02418
Q2FW84,sao:SAOUHSC_02419
Q2FW83,sao:SAOUHSC_02420
Q2FW82,sao:SAOUHSC_02422
Q2FW81,sao:SAOUHSC_02423
Q2FW80,sao:SAOUHSC_02424
Q2FW79,sao:SAOUHSC_02425
Q2FW78,sao:SAOUHSC_02426
Q2FW77,sao:SAOUHSC_02427
Q2FW76,sao:SAOUHSC_02428
Q2FW75,sao:SAOUHSC_02430
Q2FW74,sao:SAOUHSC_02432
Q2FW73,sao:SAOUHSC_02433
Q2FW72,sao:SAOUHSC_02434
Q2FW71,sao:SAOUHSC_02435
Q2FW70,sao:SAOUHSC_02436
Q2FW66,sao:SAOUHSC_02441
Q2FW65,sao:SAOUHSC_02442
Q2FW64,sao:SAOUHSC_02443
Q2FW63,sao:SAOUHSC_02444
Q2FW62,sao:SAOUHSC_02445
Q2G2D7,sao:SAOUHSC_02447
Q2G2D6,sao:SAOUHSC_02448
Q2G2D5,sao:SAOUHSC_02449
Q2G2D4,sao:SAOUHSC_02450
Q2G2R5,sao:SAOUHSC_02451
P0A011,sao:SAOUHSC_02452
P0A0B9,sao:SAOUHSC_02453
Q2G2R0,sao:SAOUHSC_02454
Q2G2R4,sao:SAOUHSC_02455
P0A0Q0,sao:SAOUHSC_02456
Q53700,sao:SAOUHSC_02457
Q2FW60,sao:SAOUHSC_A02331
Q2FW59,sao:SAOUHSC_02458
Q2FW58,sao:SAOUHSC_02459
Q2FW57,sao:SAOUHSC_02460
Q2FW56,sao:SAOUHSC_02461
Q2FW55,sao:SAOUHSC_02462
Q59801,sao:SAOUHSC_02463
Q2FW53,sao:SAOUHSC_02464
Q2FW52,sao:SAOUHSC_02465
Q2FW50,sao:SAOUHSC_02467
Q2FW49,sao:SAOUHSC_02468
Q2FW48,sao:SAOUHSC_02469
Q2FW47,sao:SAOUHSC_02470
Q2FW46,sao:SAOUHSC_02471
Q2FW45,sao:SAOUHSC_02472
Q2FW44,sao:SAOUHSC_02473
Q2FW43,sao:SAOUHSC_02474
Q2FW39,sao:SAOUHSC_02477
Q2FW38,sao:SAOUHSC_02478
Q2FW37,sao:SAOUHSC_02480
Q2FW36,sao:SAOUHSC_02481
Q2FW35,sao:SAOUHSC_02482
Q2FW34,sao:SAOUHSC_02483
Q2FW33,sao:SAOUHSC_02484
Q2FW32,sao:SAOUHSC_02485
Q2FW31,sao:SAOUHSC_02486
Q2FW30,sao:SAOUHSC_02487
Q2FW29,sao:SAOUHSC_02488
Q2FW28,sao:SAOUHSC_02489
Q2FW27,sao:SAOUHSC_02490
O08387,sao:SAOUHSC_02491
P0A0F8,sao:SAOUHSC_02492
P0A0G2,sao:SAOUHSC_02493
Q2FW23,sao:SAOUHSC_02494
Q2FW22,sao:SAOUHSC_02495
Q2FW21,sao:SAOUHSC_02496
Q2FW20,sao:SAOUHSC_02498
Q2FW19,sao:SAOUHSC_02499
Q2FW18,sao:SAOUHSC_02500
Q2FW17,sao:SAOUHSC_02501
Q2FW16,sao:SAOUHSC_02502
Q2FW15,sao:SAOUHSC_02503
Q2FW14,sao:SAOUHSC_02504
Q2FW13,sao:SAOUHSC_02505
Q2FW12,sao:SAOUHSC_02506
Q2FW11,sao:SAOUHSC_02507
Q2FW10,sao:SAOUHSC_02508
P60430,sao:SAOUHSC_02509
Q2FW08,sao:SAOUHSC_02510
Q2FW07,sao:SAOUHSC_02511
Q2FW06,sao:SAOUHSC_02512
Q2FW05,sao:SAOUHSC_02515
Q2FW04,sao:SAOUHSC_02516
Q2FW03,sao:SAOUHSC_02517
Q2FW02,sao:SAOUHSC_02518
Q2FW01,sao:SAOUHSC_02519
Q2FW00,sao:SAOUHSC_02520
Q2FVZ9,sao:SAOUHSC_02521
Q2FVZ8,sao:SAOUHSC_02522
Q2FVZ7,sao:SAOUHSC_02523
Q2FVZ6,sao:SAOUHSC_02524
Q9RQG6,sao:SAOUHSC_02525
Q2FVZ5,sao:SAOUHSC_02525
Q2FVZ4,sao:SAOUHSC_02527
Q2FVZ3,sao:SAOUHSC_02528
Q2FVZ2,sao:SAOUHSC_02529
Q2FVZ1,sao:SAOUHSC_02530
Q2FVZ0,sao:SAOUHSC_02531
Q2FVY9,sao:SAOUHSC_02532
Q2FVY8,sao:SAOUHSC_02533
Q2FVY7,sao:SAOUHSC_02534
Q2FVY6,sao:SAOUHSC_02535
P69848,sao:SAOUHSC_02536
Q2FVY4,sao:SAOUHSC_02537
Q2FVY3,sao:SAOUHSC_02538
Q2FVY2,sao:SAOUHSC_02540
Q2FVY1,sao:SAOUHSC_02541
Q2FVY0,sao:SAOUHSC_02542
Q2FVX9,sao:SAOUHSC_02543
Q2FVX8,sao:SAOUHSC_02544
Q2FVX7,sao:SAOUHSC_02545
Q2FVX6,sao:SAOUHSC_02546
Q2FVX5,sao:SAOUHSC_02547
Q2FVX4,sao:SAOUHSC_02549
Q2FVX3,sao:SAOUHSC_02550
Q2FVX2,sao:SAOUHSC_02551
Q2FVX1,sao:SAOUHSC_02552
Q2FVX0,sao:SAOUHSC_02553
Q2FVW9,sao:SAOUHSC_02554
Q2FVW6,sao:SAOUHSC_02557
Q2FVW5,sao:SAOUHSC_02558
Q2G2K6,sao:SAOUHSC_02559
Q2G2K5,sao:SAOUHSC_02561
Q2G2K8,sao:SAOUHSC_02562
Q2G2K7,sao:SAOUHSC_02563
Q2G273,sao:SAOUHSC_02564
Q2G272,sao:SAOUHSC_02565
Q9F0R1,sao:SAOUHSC_02566
Q2G270,sao:SAOUHSC_02568
Q2G2J5,sao:SAOUHSC_02569
Q2G2J4,sao:SAOUHSC_02570
Q2G2J2,sao:SAOUHSC_02571
Q2G2J1,sao:SAOUHSC_02572
Q2G2J3,sao:SAOUHSC_02573
Q2G1W0,sao:SAOUHSC_02574
Q2G1V8,sao:SAOUHSC_02575
Q2G1W1,sao:SAOUHSC_02576
Q2FVW4,sao:SAOUHSC_02577
Q2FVW3,sao:SAOUHSC_02579
Q2FVW2,sao:SAOUHSC_02580
Q2FVW1,sao:SAOUHSC_A02450
Q2FVW0,sao:SAOUHSC_02581
Q2FVV9,sao:SAOUHSC_02582
Q2FVV8,sao:SAOUHSC_02583
Q2FVV7,sao:SAOUHSC_02584
Q2FVV6,sao:SAOUHSC_02585
Q2FVV4,sao:SAOUHSC_02587
Q2FVV3,sao:SAOUHSC_02588
Q2FVV2,sao:SAOUHSC_02589
Q2FVV1,sao:SAOUHSC_02590
Q2FVV0,sao:SAOUHSC_02591
Q2FVU9,sao:SAOUHSC_02592
Q2FVU8,sao:SAOUHSC_02593
Q2FVU7,sao:SAOUHSC_02594
Q2FVU6,sao:SAOUHSC_02595
Q2FVU5,sao:SAOUHSC_02596
Q2FVU4,sao:SAOUHSC_02597
Q2FVU3,sao:SAOUHSC_02599
Q2FVU2,sao:SAOUHSC_02600
Q2FVT9,sao:SAOUHSC_02603
Q2FVT8,sao:SAOUHSC_02604
Q2FVT7,sao:SAOUHSC_02605
Q2FVT6,sao:SAOUHSC_02606
Q2FVT5,sao:SAOUHSC_02607
Q2FVT4,sao:SAOUHSC_02608
Q2FVT3,sao:SAOUHSC_02609
Q2FVT2,sao:SAOUHSC_02610
Q2FVT1,sao:SAOUHSC_02611
Q2FVT0,sao:SAOUHSC_02612
Q2FVS9,sao:SAOUHSC_02613
Q2FVS7,sao:SAOUHSC_02614
Q2FVS6,sao:SAOUHSC_02615
Q2FVS5,sao:SAOUHSC_02616
Q2FVS4,sao:SAOUHSC_02618
Q2FVS3,sao:SAOUHSC_02619
Q2FVS2,sao:SAOUHSC_02620
Q2FVS1,sao:SAOUHSC_02621
Q2FVS0,sao:SAOUHSC_02622
Q2FVR9,sao:SAOUHSC_02623
Q2FVR8,sao:SAOUHSC_02624
Q2FVR7,sao:SAOUHSC_02625
Q2G2W6,sao:SAOUHSC_02626
Q2G2W3,sao:SAOUHSC_02627
Q2G2W2,sao:SAOUHSC_02628
Q2G2W1,sao:SAOUHSC_02629
Q2G2W5,sao:SAOUHSC_02630
Q2G2W4,sao:SAOUHSC_02631
Q2G2I2,sao:SAOUHSC_02634
Q2G2I1,sao:SAOUHSC_02635
Q2FVR4,sao:SAOUHSC_02638
Q2FVR1,sao:SAOUHSC_02640
Q2FVR0,sao:SAOUHSC_02641
Q2FVQ9,sao:SAOUHSC_02643
Q2FVQ8,sao:SAOUHSC_02644
Q2FVQ7,sao:SAOUHSC_02645
Q2FVQ6,sao:SAOUHSC_02646
Q2FVQ5,sao:SAOUHSC_02647
Q2FVQ4,sao:SAOUHSC_02648
Q2FVQ3,sao:SAOUHSC_02649
Q2FVQ2,sao:SAOUHSC_02650
Q2FVQ1,sao:SAOUHSC_02651
Q2FVQ0,sao:SAOUHSC_02652
Q2FVP9,sao:SAOUHSC_02653
Q2FVP8,sao:SAOUHSC_02654
Q2FVP7,sao:SAOUHSC_02655
Q2FVP6,sao:SAOUHSC_02656
Q2FVP5,sao:SAOUHSC_02657
Q2FVP4,sao:SAOUHSC_02658
Q2FVP3,sao:SAOUHSC_02659
Q2FVP2,sao:SAOUHSC_02660
Q2FVP1,sao:SAOUHSC_02661
Q2FVP0,sao:SAOUHSC_02662
Q2FVN9,sao:SAOUHSC_02663
Q2FVN8,sao:SAOUHSC_02664
Q2FVN7,sao:SAOUHSC_02665
Q2FVN6,sao:SAOUHSC_02666
Q2FVN5,sao:SAOUHSC_02667
Q2FVN4,sao:SAOUHSC_02668
Q2FVN3,sao:SAOUHSC_02669
Q2FVN2,sao:SAOUHSC_02670
Q2FVN1,sao:SAOUHSC_02671
Q2FVM8,sao:SAOUHSC_02674
Q2FVM7,sao:SAOUHSC_02675
Q2FVM6,sao:SAOUHSC_02676
Q2FVM5,sao:SAOUHSC_02677
Q2FVM4,sao:SAOUHSC_02678
Q2FVM3,sao:SAOUHSC_02679
Q2FVM2,sao:SAOUHSC_02680
Q2FVM1,sao:SAOUHSC_02681
Q2FVM0,sao:SAOUHSC_02682
Q2FVL9,sao:SAOUHSC_02683
Q2FVL8,sao:SAOUHSC_02684
Q2G1V2,sao:SAOUHSC_02685
Q2G1V1,sao:SAOUHSC_02686
Q2G1V0,sao:SAOUHSC_02687
Q2G1U7,sao:SAOUHSC_02688
Q2G1U9,sao:SAOUHSC_02689
Q2G1U8,sao:SAOUHSC_02690
Q2G286,sao:SAOUHSC_02691
Q2G285,sao:SAOUHSC_02692
Q2G284,sao:SAOUHSC_02693
Q2FVL7,sao:SAOUHSC_02694
Q2FVL6,sao:SAOUHSC_02695
Q2FVL5,sao:SAOUHSC_02696
Q2FVL4,sao:SAOUHSC_02697
Q2FVL3,sao:SAOUHSC_02698
Q2FVL2,sao:SAOUHSC_02699
Q2FVL1,sao:SAOUHSC_02700
Q2FVL0,sao:SAOUHSC_02701
Q2FVK9,sao:SAOUHSC_02702
Q2FVK8,sao:SAOUHSC_02703
Q2FVK7,sao:SAOUHSC_02704
Q2FVK6,sao:SAOUHSC_02705
Q2FVK5,sao:SAOUHSC_02706
Q2FVK3,sao:SAOUHSC_02708
Q2FVK2,sao:SAOUHSC_02709
Q2FVK1,sao:SAOUHSC_02710
Q2FVK0,sao:SAOUHSC_02711
Q2FVJ9,sao:SAOUHSC_02712
Q2FVJ8,sao:SAOUHSC_02713
Q2FVJ7,sao:SAOUHSC_02714
Q2FVJ6,sao:SAOUHSC_02715
Q2FVJ5,sao:SAOUHSC_02716
Q2FVJ4,sao:SAOUHSC_A02577
Q2FVJ3,sao:SAOUHSC_02717
Q2FVJ2,sao:SAOUHSC_02718
Q2FVJ1,sao:SAOUHSC_02719
Q2FVJ0,sao:SAOUHSC_02720
Q2FVI9,sao:SAOUHSC_02721
Q2FVI8,sao:SAOUHSC_02722
Q2FVI7,sao:SAOUHSC_02723
Q2FVI6,sao:SAOUHSC_02724
Q2FVI5,sao:SAOUHSC_02725
Q2FVI4,sao:SAOUHSC_02726
Q2FVI3,sao:SAOUHSC_02727
Q2FVI2,sao:SAOUHSC_02728
Q2FVI1,sao:SAOUHSC_02729
Q2FVI0,sao:SAOUHSC_02731
Q2FVH9,sao:SAOUHSC_02732
Q2FVH8,sao:SAOUHSC_02733
Q2FVH7,sao:SAOUHSC_02734
Q2FVH6,sao:SAOUHSC_02736
Q2FVH5,sao:SAOUHSC_02737
Q2FVH3,sao:SAOUHSC_02739
Q2FVH2,sao:SAOUHSC_02740
Q2FVH1,sao:SAOUHSC_02741
Q2FVH0,sao:SAOUHSC_02742
Q2FVG9,sao:SAOUHSC_02743
Q2FVG8,sao:SAOUHSC_02744
Q2FVG7,sao:SAOUHSC_02745
Q2FVG6,sao:SAOUHSC_02746
Q2FVG5,sao:SAOUHSC_02747
Q2FVG4,sao:SAOUHSC_02750
Q2FVG3,sao:SAOUHSC_02751
Q2FVG2,sao:SAOUHSC_02752
Q2FVG1,sao:SAOUHSC_02753
Q2FVG0,sao:SAOUHSC_02754
Q2FVF9,sao:SAOUHSC_02755
Q2FVF8,sao:SAOUHSC_02756
Q2FVF7,sao:SAOUHSC_02757
Q2FVF5,sao:SAOUHSC_02759
Q2FVF4,sao:SAOUHSC_02760
Q2FVF3,sao:SAOUHSC_02761
Q2FVF2,sao:SAOUHSC_02762
Q2FVF1,sao:SAOUHSC_02763
Q2FVF0,sao:SAOUHSC_02764
Q2FVE9,sao:SAOUHSC_02765
Q2FVE8,sao:SAOUHSC_02766
Q2FVE7,sao:SAOUHSC_02767
Q2FVE6,sao:SAOUHSC_02768
Q2FVE5,sao:SAOUHSC_02769
Q2FVE4,sao:SAOUHSC_02770
Q2FVE3,sao:SAOUHSC_02771
Q2FVE2,sao:SAOUHSC_02772
Q2FVE1,sao:SAOUHSC_02773
Q2FVE0,sao:SAOUHSC_02774
Q2FVD9,sao:SAOUHSC_02775
Q2FVD8,sao:SAOUHSC_02776
Q2FVD6,sao:SAOUHSC_02777
Q2FVD5,sao:SAOUHSC_02778
Q2FVD4,sao:SAOUHSC_02779
Q2FVD3,sao:SAOUHSC_02780
Q2FVD2,sao:SAOUHSC_02781
Q2FVD1,sao:SAOUHSC_02782
Q2FVD0,sao:SAOUHSC_02783
Q2FVC9,sao:SAOUHSC_02784
Q2FVC8,sao:SAOUHSC_02785
Q2FVC5,sao:SAOUHSC_02788
Q2FVC4,sao:SAOUHSC_02789
Q2FVC3,sao:SAOUHSC_02790
Q2FVC2,sao:SAOUHSC_02791
Q2FVC1,sao:SAOUHSC_02793
Q2FVC0,sao:SAOUHSC_02794
Q2G2B5,sao:SAOUHSC_02795
Q2G2B4,sao:SAOUHSC_02796
Q2G2B3,sao:SAOUHSC_02797
Q2G2B2,sao:SAOUHSC_02798
Q2G2B1,sao:SAOUHSC_02799
Q2G1T7,sao:SAOUHSC_02800
Q2G1T6,sao:SAOUHSC_02801
Q2G1T5,sao:SAOUHSC_02802
P14738,sao:SAOUHSC_02803
Q2G209,sao:SAOUHSC_02804
Q2G207,sao:SAOUHSC_02805
Q2G206,sao:SAOUHSC_02806
Q2G205,sao:SAOUHSC_02808
Q2G208,sao:SAOUHSC_02809
Q2G2L8,sao:SAOUHSC_02810
Q2G2L7,sao:SAOUHSC_02811
Q2G2L6,sao:SAOUHSC_02812
Q2FVB9,sao:SAOUHSC_02815
Q2FVB8,sao:SAOUHSC_02816
Q2FVB7,sao:SAOUHSC_02817
Q2FVB6,sao:SAOUHSC_02818
Q2FVB5,sao:SAOUHSC_02819
Q2FVB4,sao:SAOUHSC_02820
Q2FVB3,sao:SAOUHSC_02821
Q2FVB2,sao:SAOUHSC_02822
Q2FVB0,sao:SAOUHSC_02823
Q2FVA9,sao:SAOUHSC_02824
Q2FVA8,sao:SAOUHSC_02825
Q2FVA7,sao:SAOUHSC_02826
Q2FVA6,sao:SAOUHSC_02827
Q2FVA5,sao:SAOUHSC_02828
Q2FVA4,sao:SAOUHSC_02829
Q2FVA3,sao:SAOUHSC_02830
Q2FVA2,sao:SAOUHSC_02831
Q2FVA1,sao:SAOUHSC_02832
Q2FVA0,sao:SAOUHSC_02833
Q2FV99,sao:SAOUHSC_02834
Q2FV98,sao:SAOUHSC_02836
Q2FV97,sao:SAOUHSC_02837
Q2FV96,sao:SAOUHSC_02838
Q2FV95,sao:SAOUHSC_02839
Q2FV94,sao:SAOUHSC_02840
Q2FV93,sao:SAOUHSC_02841
Q2FV92,sao:SAOUHSC_02842
Q2FV91,sao:SAOUHSC_02843
Q2FV90,sao:SAOUHSC_02844
Q2FV89,sao:SAOUHSC_02845
Q2FV88,sao:SAOUHSC_02846
Q2FV87,sao:SAOUHSC_02848
Q2FV86,sao:SAOUHSC_02849
P60639,sao:SAOUHSC_02850
P60647,sao:SAOUHSC_02851
Q2FV83,sao:SAOUHSC_02852
Q2FV82,sao:SAOUHSC_02853
Q2FV81,sao:SAOUHSC_02855
Q2FV80,sao:SAOUHSC_02856
Q2FV79,sao:SAOUHSC_02857
Q2FV78,sao:SAOUHSC_02858
Q2FV77,sao:SAOUHSC_02859
Q2FV76,sao:SAOUHSC_02860
Q2FV75,sao:SAOUHSC_02861
Q2FV74,sao:SAOUHSC_02862
Q2FV73,sao:SAOUHSC_02863
Q2FV72,sao:SAOUHSC_02864
Q2FV71,sao:SAOUHSC_02865
Q2FV70,sao:SAOUHSC_02866
Q2FV69,sao:SAOUHSC_02867
Q2FV68,sao:SAOUHSC_02868
Q2FV67,sao:SAOUHSC_02869
Q2FV66,sao:SAOUHSC_02871
Q2FV65,sao:SAOUHSC_02872
Q2FV64,sao:SAOUHSC_02873
Q2FV63,sao:SAOUHSC_02874
Q2FV62,sao:SAOUHSC_02875
Q2FV61,sao:SAOUHSC_02876
Q2FV60,sao:SAOUHSC_02877
Q2FV59,sao:SAOUHSC_02879
Q2FV58,sao:SAOUHSC_02880
Q2FV57,sao:SAOUHSC_02881
Q2FV56,sao:SAOUHSC_02882
Q2FV55,sao:SAOUHSC_02883
Q2FV54,sao:SAOUHSC_02885
Q2FV53,sao:SAOUHSC_02886
Q2FV52,sao:SAOUHSC_02887
Q2FV51,sao:SAOUHSC_02888
Q2FV50,sao:SAOUHSC_02889
Q2FV49,sao:SAOUHSC_02890
Q2FV48,sao:SAOUHSC_02891
Q2FV47,sao:SAOUHSC_02892
Q2FV46,sao:SAOUHSC_02893
Q2FV45,sao:SAOUHSC_02894
Q2FV44,sao:SAOUHSC_02895
Q2FV43,sao:SAOUHSC_02896
Q2FV42,sao:SAOUHSC_02897
Q2FV41,sao:SAOUHSC_02898
Q2FV40,sao:SAOUHSC_02899
Q2FV39,sao:SAOUHSC_02900
Q2FV38,sao:SAOUHSC_02901
Q2FV35,sao:SAOUHSC_02904
Q2FV34,sao:SAOUHSC_02905
Q2FV33,sao:SAOUHSC_02906
Q2FV32,sao:SAOUHSC_02907
Q2FV31,sao:SAOUHSC_02908
Q2FV30,sao:SAOUHSC_02909
Q2FV29,sao:SAOUHSC_02910
Q2FV28,sao:SAOUHSC_02911
Q2FV27,sao:SAOUHSC_02912
Q2FV26,sao:SAOUHSC_02913
Q2FV25,sao:SAOUHSC_02914
Q2FV24,sao:SAOUHSC_02915
Q2FV23,sao:SAOUHSC_02916
Q2FV22,sao:SAOUHSC_02918
Q2FV21,sao:SAOUHSC_02919
Q2FV20,sao:SAOUHSC_02920
Q2FV19,sao:SAOUHSC_02921
Q2G1Y5,sao:SAOUHSC_02922
Q2G1Y2,sao:SAOUHSC_02923
Q2G1Y4,sao:SAOUHSC_02924
Q2FV18,sao:SAOUHSC_02925
Q2FV17,sao:SAOUHSC_02926
Q2FV16,sao:SAOUHSC_02927
Q2FV15,sao:SAOUHSC_02928
Q2FV14,sao:SAOUHSC_02929
Q2FV13,sao:SAOUHSC_02930
Q2FV12,sao:SAOUHSC_02931
Q2FV11,sao:SAOUHSC_02932
Q2FV10,sao:SAOUHSC_02933
Q2FV09,sao:SAOUHSC_02934
Q2FV08,sao:SAOUHSC_02935
Q2FV07,sao:SAOUHSC_02936
Q2FV06,sao:SAOUHSC_02937
Q2FV05,sao:SAOUHSC_02939
Q2FV04,sao:SAOUHSC_02940
Q2FV03,sao:SAOUHSC_02941
Q2FV02,sao:SAOUHSC_02942
Q2FV01,sao:SAOUHSC_02943
Q2FV00,sao:SAOUHSC_02944
Q2FUZ9,sao:SAOUHSC_02945
Q2FUZ8,sao:SAOUHSC_02947
Q2FUZ7,sao:SAOUHSC_02948
Q2FUZ6,sao:SAOUHSC_02949
Q2FUZ5,sao:SAOUHSC_A02794
Q2FUZ4,sao:SAOUHSC_02950
Q2FUZ2,sao:SAOUHSC_02953
Q2FUZ1,sao:SAOUHSC_02954
Q2FUZ0,sao:SAOUHSC_02955
Q2FUY9,sao:SAOUHSC_02956
Q2FUY8,sao:SAOUHSC_02957
Q2FUY6,sao:SAOUHSC_02958
Q2FUY5,sao:SAOUHSC_02960
Q2FUY4,sao:SAOUHSC_02961
Q2FUY3,sao:SAOUHSC_02962
Q2FUY2,sao:SAOUHSC_02963
Q2FUY1,sao:SAOUHSC_02964
Q7X2S2,sao:SAOUHSC_02965
Q2FUX9,sao:SAOUHSC_02967
Q2FUX8,sao:SAOUHSC_02968
Q2FUX7,sao:SAOUHSC_02969
Q2FUX6,sao:SAOUHSC_A02811
Q2FUX5,sao:SAOUHSC_02970
Q2FUX4,sao:SAOUHSC_02971
Q2FUX3,sao:SAOUHSC_02972
Q2FUX2,sao:SAOUHSC_02973
Q2FUX1,sao:SAOUHSC_02974
Q2FUX0,sao:SAOUHSC_02975
Q2G223,sao:SAOUHSC_02976
Q2G221,sao:SAOUHSC_02978
Q2G222,sao:SAOUHSC_02979
Q2G220,sao:SAOUHSC_02980
Q2FUW9,sao:SAOUHSC_02982
Q2FUW8,sao:SAOUHSC_02983
Q2FUW7,sao:SAOUHSC_02984
Q2FUW6,sao:SAOUHSC_02985
Q2FUW5,sao:SAOUHSC_02986
Q2FUW4,sao:SAOUHSC_02987
Q2FUW3,sao:SAOUHSC_02988
Q2FUW2,sao:SAOUHSC_02989
Q2FUW1,sao:SAOUHSC_02990
Q2FUW0,sao:SAOUHSC_02991
Q2FUV9,sao:SAOUHSC_02992
Q2FUV8,sao:SAOUHSC_02993
Q2FUV7,sao:SAOUHSC_02994
Q2FUV6,sao:SAOUHSC_02995
Q2FUV5,sao:SAOUHSC_02996
Q2FUV4,sao:SAOUHSC_02997
Q2FUV3,sao:SAOUHSC_02998
Q2FUV2,sao:SAOUHSC_02999
Q2FUV1,sao:SAOUHSC_03000
Q9RQQ0,sao:SAOUHSC_03001
Q9RQP9,sao:SAOUHSC_03002
Q9RQP8,sao:SAOUHSC_03003
Q9RQP7,sao:SAOUHSC_03004
Q9RQP6,sao:SAOUHSC_03005
Q2FUU5,sao:SAOUHSC_03006
Q2FUU3,sao:SAOUHSC_03008
Q2FUU2,sao:SAOUHSC_03009
Q2FUU1,sao:SAOUHSC_03010
Q2FUU0,sao:SAOUHSC_03011
Q2FUT9,sao:SAOUHSC_03012
Q2FUT8,sao:SAOUHSC_03013
Q2FUT7,sao:SAOUHSC_03014
Q2FUT6,sao:SAOUHSC_03015
Q2FUT5,sao:SAOUHSC_03016
Q2FUT4,sao:SAOUHSC_03017
Q2FUT3,sao:SAOUHSC_03018
Q2FUT2,sao:SAOUHSC_03019
Q2FUT1,sao:SAOUHSC_03020
Q2FUT0,sao:SAOUHSC_03021
Q2FUS9,sao:SAOUHSC_03022
Q2FUS8,sao:SAOUHSC_03023
Q2FUS7,sao:SAOUHSC_03024
Q2FUS6,sao:SAOUHSC_03025
Q2FUS5,sao:SAOUHSC_03026
Q2FUS4,sao:SAOUHSC_03027
Q2FUS3,sao:SAOUHSC_03028
Q2FUS2,sao:SAOUHSC_03030
Q2FUS1,sao:SAOUHSC_03031
Q2FUS0,sao:SAOUHSC_03032
Q2FUR9,sao:SAOUHSC_03033
Q2FUR8,sao:SAOUHSC_03034
Q2FUR7,sao:SAOUHSC_03035
Q2FUR6,sao:SAOUHSC_03036
Q2FUR5,sao:SAOUHSC_03037
Q2FUR3,sao:SAOUHSC_03040
Q2FUR2,sao:SAOUHSC_03041
Q2FUR1,sao:SAOUHSC_03042
Q2FUQ9,sao:SAOUHSC_03045
Q2FUQ8,sao:SAOUHSC_03046
Q2FUQ7,sao:SAOUHSC_03047
Q2FUQ6,sao:SAOUHSC_03048
Q2FUQ5,sao:SAOUHSC_03049
Q2FUQ4,sao:SAOUHSC_03051
Q2FUQ3,sao:SAOUHSC_03052
Q2FUQ2,sao:SAOUHSC_03053
Q2FUQ1,sao:SAOUHSC_03054
Q2FUQ0,sao:SAOUHSC_03055